Workbook
Name Slicer_time1: #REF!
Name Slicer_time: #REF!

Sheet Pivot
A1: =NOW() -> 46204.554

Sheet Now
A1: =NOW() -> 46204.554 | C1: 0.33333333 | D1: 0.35416667 | E1: 0.375 | F1: 0.39583333 | G1: 0.41666667 | H1: 0.4375 | I1: 0.45833333 | J1: 0.47916667 | K1: 0.5 | L1: 0.52083333 | M1: 0.54166667 | N1: 0.5625 | O1: 0.58333333 | P1: 0.60416667 | Q1: 0.625 | R1: 0.64583333 | S1: 0.66666667 | T1: 0.6875 | U1: 0.70833333 | V1: 0.72916667 | W1: 0.75 | X1: 0.77083333 | Y1: 0.79166667 | Z1: 0.8125 | AA1: 0.83333333 | AB1: 0.85416667 | AC1: 0.875 | AD1: 0.89583333 | AE1: 0.91666667 | AF1: 0.9375 | AG1: 0.95833333 | AH1: 0.97916667 | AI1: 1 | AJ1: 1.0208333 | AK1: 1.0416667 | AL1: 1.0625 | AM1: 1.0833333
A2: =MROUND(A1,"0:30") -> 46204.562
B3: {=INDEX(Schedule!$A:$AL,MATCH(ROUNDDOWN($A$2,0),Schedule!$A:$A,0),1)} -> #N/A | C3: {=INDEX(Schedule!$A:$AL,MATCH(ROUNDDOWN($A$2,0),Schedule!$A:$A,0),2)} -> #N/A | D3: {=INDEX(Schedule!$A:$AL,MATCH(ROUNDDOWN($A$2,0),Schedule!$A:$A,0),3)} -> #N/A | E3: {=INDEX(Schedule!$A:$AL,MATCH(ROUNDDOWN($A$2,0),Schedule!$A:$A,0),4)} -> #N/A | F3: {=INDEX(Schedule!$A:$AL,MATCH(ROUNDDOWN($A$2,0),Schedule!$A:$A,0),5)} -> #N/A | G3: {=INDEX(Schedule!$A:$AL,MATCH(ROUNDDOWN($A$2,0),Schedule!$A:$A,0),6)} -> #N/A | H3: {=INDEX(Schedule!$A:$AL,MATCH(ROUNDDOWN($A$2,0),Schedule!$A:$A,0),7)} -> #N/A | I3: {=INDEX(Schedule!$A:$AL,MATCH(ROUNDDOWN($A$2,0),Schedule!$A:$A,0),8)} -> #N/A | J3: {=INDEX(Schedule!$A:$AL,MATCH(ROUNDDOWN($A$2,0),Schedule!$A:$A,0),9)} -> #N/A | K3: {=INDEX(Schedule!$A:$AL,MATCH(ROUNDDOWN($A$2,0),Schedule!$A:$A,0),10)} -> #N/A | L3: {=INDEX(Schedule!$A:$AL,MATCH(ROUNDDOWN($A$2,0),Schedule!$A:$A,0),11)} -> #N/A | M3: {=INDEX(Schedule!$A:$AL,MATCH(ROUNDDOWN($A$2,0),Schedule!$A:$A,0),12)} -> #N/A | N3: {=INDEX(Schedule!$A:$AL,MATCH(ROUNDDOWN($A$2,0),Schedule!$A:$A,0),13)} -> #N/A | O3: {=INDEX(Schedule!$A:$AL,MATCH(ROUNDDOWN($A$2,0),Schedule!$A:$A,0),14)} -> #N/A | P3: {=INDEX(Schedule!$A:$AL,MATCH(ROUNDDOWN($A$2,0),Schedule!$A:$A,0),15)} -> #N/A | Q3: {=INDEX(Schedule!$A:$AL,MATCH(ROUNDDOWN($A$2,0),Schedule!$A:$A,0),16)} -> #N/A | R3: {=INDEX(Schedule!$A:$AL,MATCH(ROUNDDOWN($A$2,0),Schedule!$A:$A,0),17)} -> #N/A | S3: {=INDEX(Schedule!$A:$AL,MATCH(ROUNDDOWN($A$2,0),Schedule!$A:$A,0),18)} -> #N/A | T3: {=INDEX(Schedule!$A:$AL,MATCH(ROUNDDOWN($A$2,0),Schedule!$A:$A,0),19)} -> #N/A | U3: {=INDEX(Schedule!$A:$AL,MATCH(ROUNDDOWN($A$2,0),Schedule!$A:$A,0),20)} -> #N/A | V3: {=INDEX(Schedule!$A:$AL,MATCH(ROUNDDOWN($A$2,0),Schedule!$A:$A,0),21)} -> #N/A | W3: {=INDEX(Schedule!$A:$AL,MATCH(ROUNDDOWN($A$2,0),Schedule!$A:$A,0),22)} -> #N/A | X3: {=INDEX(Schedule!$A:$AL,MATCH(ROUNDDOWN($A$2,0),Schedule!$A:$A,0),23)} -> #N/A | Y3: {=INDEX(Schedule!$A:$AL,MATCH(ROUNDDOWN($A$2,0),Schedule!$A:$A,0),24)} -> #N/A | Z3: {=INDEX(Schedule!$A:$AL,MATCH(ROUNDDOWN($A$2,0),Schedule!$A:$A,0),25)} -> #N/A | AA3: {=INDEX(Schedule!$A:$AL,MATCH(ROUNDDOWN($A$2,0),Schedule!$A:$A,0),26)} -> #N/A | AB3: {=INDEX(Schedule!$A:$AL,MATCH(ROUNDDOWN($A$2,0),Schedule!$A:$A,0),27)} -> #N/A | AC3: {=INDEX(Schedule!$A:$AL,MATCH(ROUNDDOWN($A$2,0),Schedule!$A:$A,0),28)} -> #N/A | AD3: {=INDEX(Schedule!$A:$AL,MATCH(ROUNDDOWN($A$2,0),Schedule!$A:$A,0),29)} -> #N/A | AE3: {=INDEX(Schedule!$A:$AL,MATCH(ROUNDDOWN($A$2,0),Schedule!$A:$A,0),30)} -> #N/A | AF3: {=INDEX(Schedule!$A:$AL,MATCH(ROUNDDOWN($A$2,0),Schedule!$A:$A,0),31)} -> #N/A | AG3: {=INDEX(Schedule!$A:$AL,MATCH(ROUNDDOWN($A$2,0),Schedule!$A:$A,0),32)} -> #N/A | AH3: {=INDEX(Schedule!$A:$AL,MATCH(ROUNDDOWN($A$2,0),Schedule!$A:$A,0),33)} -> #N/A | AI3: {=INDEX(Schedule!$A:$AL,MATCH(ROUNDDOWN($A$2,0),Schedule!$A:$A,0),34)} -> #N/A | AJ3: {=INDEX(Schedule!$A:$AL,MATCH(ROUNDDOWN($A$2,0),Schedule!$A:$A,0),35)} -> #N/A | AK3: {=INDEX(Schedule!$A:$AL,MATCH(ROUNDDOWN($A$2,0),Schedule!$A:$A,0),36)} -> #N/A | AL3: {=INDEX(Schedule!$A:$AL,MATCH(ROUNDDOWN($A$2,0),Schedule!$A:$A,0),37)} -> #N/A | AM3: {=INDEX(Schedule!$A:$AL,MATCH(ROUNDDOWN($A$2,0),Schedule!$A:$A,0),38)} -> #N/A
C6: time | D6: task
C7: =C1 -> 0.33333333 | D7: =C3 -> #N/A
C8: =D1 -> 0.35416667 | D8: =D3 -> #N/A
C9: =E1 -> 0.375 | D9: =E3 -> #N/A
C10: =F1 -> 0.39583333 | D10: =F3 -> #N/A
C11: =G1 -> 0.41666667 | D11: =G3 -> #N/A
C12: =H1 -> 0.4375 | D12: =H3 -> #N/A
C13: =I1 -> 0.45833333 | D13: =I3 -> #N/A
C14: =J1 -> 0.47916667 | D14: =J3 -> #N/A
C15: =K1 -> 0.5 | D15: =K3 -> #N/A
C16: =L1 -> 0.52083333 | D16: =L3 -> #N/A
C17: =M1 -> 0.54166667 | D17: =M3 -> #N/A
C18: =N1 -> 0.5625 | D18: =N3 -> #N/A
C19: =O1 -> 0.58333333 | D19: =O3 -> #N/A
C20: =P1 -> 0.60416667 | D20: =P3 -> #N/A
C21: =Q1 -> 0.625 | D21: =Q3 -> #N/A
C22: =R1 -> 0.64583333 | D22: =R3 -> #N/A
C23: =S1 -> 0.66666667 | D23: =S3 -> #N/A
C24: =T1 -> 0.6875 | D24: =T3 -> #N/A
C25: =U1 -> 0.70833333 | D25: =U3 -> #N/A
C26: =V1 -> 0.72916667 | D26: =V3 -> #N/A
C27: =W1 -> 0.75 | D27: =W3 -> #N/A
C28: =X1 -> 0.77083333 | D28: =X3 -> #N/A
C29: =Y1 -> 0.79166667 | D29: =Y3 -> #N/A
C30: =Z1 -> 0.8125 | D30: =Z3 -> #N/A
C31: =AA1 -> 0.83333333 | D31: =AA3 -> #N/A
C32: =AB1 -> 0.85416667 | D32: =AB3 -> #N/A
C33: =AC1 -> 0.875 | D33: =AC3 -> #N/A
C34: =AD1 -> 0.89583333 | D34: =AD3 -> #N/A
C35: =AE1 -> 0.91666667 | D35: =AE3 -> #N/A
C36: =AF1 -> 0.9375 | D36: =AF3 -> #N/A
C37: =AG1 -> 0.95833333 | D37: =AF3 -> #N/A
C38: =AH1 -> 0.97916667 | D38: =AH3 -> #N/A
C39: =AI1 -> 1 | D39: =AI3 -> #N/A
C40: =AJ1 -> 1.0208333 | D40: =AJ3 -> #N/A
C41: =AK1 -> 1.0416667 | D41: =AK3 -> #N/A
C42: =AL1 -> 1.0625 | D42: =AL3 -> #N/A
C43: =AM1 -> 1.0833333 | D43: =AM3 -> #N/A

Sheet Planner
A1: =NOW() -> 46204.554 | B1: 0.33333333 | C1: 0.35416667 | D1: 0.375 | E1: 0.39583333 | F1: 0.41666667 | G1: 0.4375 | H1: 0.45833333 | I1: 0.47916667 | J1: 0.5 | K1: 0.52083333 | L1: 0.54166667 | M1: 0.5625 | N1: 0.58333333 | O1: 0.60416667 | P1: 0.625 | Q1: 0.64583333 | R1: 0.66666667 | S1: 0.6875 | T1: 0.70833333 | U1: 0.72916667 | V1: 0.75 | W1: 0.77083333 | X1: 0.79166667 | Y1: 0.8125 | Z1: 0.83333333 | AA1: 0.85416667 | AB1: 0.875 | AC1: 0.89583333 | AD1: 0.91666667 | AE1: 0.9375 | AF1: 0.95833333 | AG1: 0.97916667 | AH1: 1 | AI1: 1.0208333 | AJ1: 1.0416667 | AK1: 1.0625 | AL1: 1.0833333
A2: =MROUND(A1,"0:30") -> 46204.562 | D2: *Enter subjects of interest in Cell A5 and after
A3: {=INDEX('Static '!$A:$AL,MATCH(ROUNDDOWN($A$2,0),'Static '!$A:$A,0),1)} -> #N/A | B3: {=IF(INDEX('Static '!$A:$AL,MATCH(ROUNDDOWN($A$2,0),'Static '!$A:$A,0),2)=0,"",(INDEX('Static '!$A:$AL,MATCH(ROUNDDOWN($A$2,0),'Static '!$A:$A,0),2)))} -> #N/A | C3: {=IF(INDEX('Static '!$A:$AL,MATCH(ROUNDDOWN($A$2,0),'Static '!$A:$A,0),3)=0,"",(INDEX('Static '!$A:$AL,MATCH(ROUNDDOWN($A$2,0),'Static '!$A:$A,0),3)))} -> #N/A | D3: {=IF(INDEX('Static '!$A:$AL,MATCH(ROUNDDOWN($A$2,0),'Static '!$A:$A,0),4)=0,"",(INDEX('Static '!$A:$AL,MATCH(ROUNDDOWN($A$2,0),'Static '!$A:$A,0),4)))} -> #N/A | E3: {=IF(INDEX('Static '!$A:$AL,MATCH(ROUNDDOWN($A$2,0),'Static '!$A:$A,0),5)=0,"",(INDEX('Static '!$A:$AL,MATCH(ROUNDDOWN($A$2,0),'Static '!$A:$A,0),5)))} -> #N/A | F3: {=IF(INDEX('Static '!$A:$AL,MATCH(ROUNDDOWN($A$2,0),'Static '!$A:$A,0),6)=0,"",(INDEX('Static '!$A:$AL,MATCH(ROUNDDOWN($A$2,0),'Static '!$A:$A,0),6)))} -> #N/A | G3: {=IF(INDEX('Static '!$A:$AL,MATCH(ROUNDDOWN($A$2,0),'Static '!$A:$A,0),7)=0,"",(INDEX('Static '!$A:$AL,MATCH(ROUNDDOWN($A$2,0),'Static '!$A:$A,0),7)))} -> #N/A | H3: {=IF(INDEX('Static '!$A:$AL,MATCH(ROUNDDOWN($A$2,0),'Static '!$A:$A,0),8)=0,"",(INDEX('Static '!$A:$AL,MATCH(ROUNDDOWN($A$2,0),'Static '!$A:$A,0),8)))} -> #N/A | I3: {=IF(INDEX('Static '!$A:$AL,MATCH(ROUNDDOWN($A$2,0),'Static '!$A:$A,0),9)=0,"",(INDEX('Static '!$A:$AL,MATCH(ROUNDDOWN($A$2,0),'Static '!$A:$A,0),9)))} -> #N/A | J3: {=IF(INDEX('Static '!$A:$AL,MATCH(ROUNDDOWN($A$2,0),'Static '!$A:$A,0),10)=0,"",(INDEX('Static '!$A:$AL,MATCH(ROUNDDOWN($A$2,0),'Static '!$A:$A,0),10)))} -> #N/A | K3: {=IF(INDEX('Static '!$A:$AL,MATCH(ROUNDDOWN($A$2,0),'Static '!$A:$A,0),11)=0,"",(INDEX('Static '!$A:$AL,MATCH(ROUNDDOWN($A$2,0),'Static '!$A:$A,0),11)))} -> #N/A | L3: {=IF(INDEX('Static '!$A:$AL,MATCH(ROUNDDOWN($A$2,0),'Static '!$A:$A,0),12)=0,"",(INDEX('Static '!$A:$AL,MATCH(ROUNDDOWN($A$2,0),'Static '!$A:$A,0),12)))} -> #N/A | M3: {=IF(INDEX('Static '!$A:$AL,MATCH(ROUNDDOWN($A$2,0),'Static '!$A:$A,0),13)=0,"",(INDEX('Static '!$A:$AL,MATCH(ROUNDDOWN($A$2,0),'Static '!$A:$A,0),13)))} -> #N/A | N3: {=IF(INDEX('Static '!$A:$AL,MATCH(ROUNDDOWN($A$2,0),'Static '!$A:$A,0),14)=0,"",(INDEX('Static '!$A:$AL,MATCH(ROUNDDOWN($A$2,0),'Static '!$A:$A,0),14)))} -> #N/A | O3: {=IF(INDEX('Static '!$A:$AL,MATCH(ROUNDDOWN($A$2,0),'Static '!$A:$A,0),15)=0,"",(INDEX('Static '!$A:$AL,MATCH(ROUNDDOWN($A$2,0),'Static '!$A:$A,0),15)))} -> #N/A | P3: {=IF(INDEX('Static '!$A:$AL,MATCH(ROUNDDOWN($A$2,0),'Static '!$A:$A,0),16)=0,"",(INDEX('Static '!$A:$AL,MATCH(ROUNDDOWN($A$2,0),'Static '!$A:$A,0),16)))} -> #N/A | Q3: {=IF(INDEX('Static '!$A:$AL,MATCH(ROUNDDOWN($A$2,0),'Static '!$A:$A,0),17)=0,"",(INDEX('Static '!$A:$AL,MATCH(ROUNDDOWN($A$2,0),'Static '!$A:$A,0),17)))} -> #N/A | R3: {=IF(INDEX('Static '!$A:$AL,MATCH(ROUNDDOWN($A$2,0),'Static '!$A:$A,0),18)=0,"",(INDEX('Static '!$A:$AL,MATCH(ROUNDDOWN($A$2,0),'Static '!$A:$A,0),18)))} -> #N/A | S3: {=IF(INDEX('Static '!$A:$AL,MATCH(ROUNDDOWN($A$2,0),'Static '!$A:$A,0),19)=0,"",(INDEX('Static '!$A:$AL,MATCH(ROUNDDOWN($A$2,0),'Static '!$A:$A,0),19)))} -> #N/A | T3: {=IF(INDEX('Static '!$A:$AL,MATCH(ROUNDDOWN($A$2,0),'Static '!$A:$A,0),20)=0,"",(INDEX('Static '!$A:$AL,MATCH(ROUNDDOWN($A$2,0),'Static '!$A:$A,0),20)))} -> #N/A | U3: {=IF(INDEX('Static '!$A:$AL,MATCH(ROUNDDOWN($A$2,0),'Static '!$A:$A,0),21)=0,"",(INDEX('Static '!$A:$AL,MATCH(ROUNDDOWN($A$2,0),'Static '!$A:$A,0),21)))} -> #N/A | V3: {=IF(INDEX('Static '!$A:$AL,MATCH(ROUNDDOWN($A$2,0),'Static '!$A:$A,0),22)=0,"",(INDEX('Static '!$A:$AL,MATCH(ROUNDDOWN($A$2,0),'Static '!$A:$A,0),22)))} -> #N/A | W3: {=IF(INDEX('Static '!$A:$AL,MATCH(ROUNDDOWN($A$2,0),'Static '!$A:$A,0),23)=0,"",(INDEX('Static '!$A:$AL,MATCH(ROUNDDOWN($A$2,0),'Static '!$A:$A,0),23)))} -> #N/A | X3: {=IF(INDEX('Static '!$A:$AL,MATCH(ROUNDDOWN($A$2,0),'Static '!$A:$A,0),24)=0,"",(INDEX('Static '!$A:$AL,MATCH(ROUNDDOWN($A$2,0),'Static '!$A:$A,0),24)))} -> #N/A | Y3: {=IF(INDEX('Static '!$A:$AL,MATCH(ROUNDDOWN($A$2,0),'Static '!$A:$A,0),25)=0,"",(INDEX('Static '!$A:$AL,MATCH(ROUNDDOWN($A$2,0),'Static '!$A:$A,0),25)))} -> #N/A | Z3: {=IF(INDEX('Static '!$A:$AL,MATCH(ROUNDDOWN($A$2,0),'Static '!$A:$A,0),26)=0,"",(INDEX('Static '!$A:$AL,MATCH(ROUNDDOWN($A$2,0),'Static '!$A:$A,0),26)))} -> #N/A | AA3: {=IF(INDEX('Static '!$A:$AL,MATCH(ROUNDDOWN($A$2,0),'Static '!$A:$A,0),27)=0,"",(INDEX('Static '!$A:$AL,MATCH(ROUNDDOWN($A$2,0),'Static '!$A:$A,0),27)))} -> #N/A | AB3: {=IF(INDEX('Static '!$A:$AL,MATCH(ROUNDDOWN($A$2,0),'Static '!$A:$A,0),28)=0,"",(INDEX('Static '!$A:$AL,MATCH(ROUNDDOWN($A$2,0),'Static '!$A:$A,0),28)))} -> #N/A | AC3: {=IF(INDEX('Static '!$A:$AL,MATCH(ROUNDDOWN($A$2,0),'Static '!$A:$A,0),29)=0,"",(INDEX('Static '!$A:$AL,MATCH(ROUNDDOWN($A$2,0),'Static '!$A:$A,0),29)))} -> #N/A | AD3: {=IF(INDEX('Static '!$A:$AL,MATCH(ROUNDDOWN($A$2,0),'Static '!$A:$A,0),30)=0,"",(INDEX('Static '!$A:$AL,MATCH(ROUNDDOWN($A$2,0),'Static '!$A:$A,0),30)))} -> #N/A | AE3: {=IF(INDEX('Static '!$A:$AL,MATCH(ROUNDDOWN($A$2,0),'Static '!$A:$A,0),31)=0,"",(INDEX('Static '!$A:$AL,MATCH(ROUNDDOWN($A$2,0),'Static '!$A:$A,0),31)))} -> #N/A | AF3: {=IF(INDEX('Static '!$A:$AL,MATCH(ROUNDDOWN($A$2,0),'Static '!$A:$A,0),32)=0,"",(INDEX('Static '!$A:$AL,MATCH(ROUNDDOWN($A$2,0),'Static '!$A:$A,0),32)))} -> #N/A | AG3: {=IF(INDEX('Static '!$A:$AL,MATCH(ROUNDDOWN($A$2,0),'Static '!$A:$A,0),33)=0,"",(INDEX('Static '!$A:$AL,MATCH(ROUNDDOWN($A$2,0),'Static '!$A:$A,0),33)))} -> #N/A | AH3: {=IF(INDEX('Static '!$A:$AL,MATCH(ROUNDDOWN($A$2,0),'Static '!$A:$A,0),34)=0,"",(INDEX('Static '!$A:$AL,MATCH(ROUNDDOWN($A$2,0),'Static '!$A:$A,0),34)))} -> #N/A | AI3: {=IF(INDEX('Static '!$A:$AL,MATCH(ROUNDDOWN($A$2,0),'Static '!$A:$A,0),35)=0,"",(INDEX('Static '!$A:$AL,MATCH(ROUNDDOWN($A$2,0),'Static '!$A:$A,0),35)))} -> #N/A | AJ3: {=IF(INDEX('Static '!$A:$AL,MATCH(ROUNDDOWN($A$2,0),'Static '!$A:$A,0),36)=0,"",(INDEX('Static '!$A:$AL,MATCH(ROUNDDOWN($A$2,0),'Static '!$A:$A,0),36)))} -> #N/A | AK3: {=IF(INDEX('Static '!$A:$AL,MATCH(ROUNDDOWN($A$2,0),'Static '!$A:$A,0),37)=0,"",(INDEX('Static '!$A:$AL,MATCH(ROUNDDOWN($A$2,0),'Static '!$A:$A,0),37)))} -> #N/A | AL3: {=IF(INDEX('Static '!$A:$AL,MATCH(ROUNDDOWN($A$2,0),'Static '!$A:$A,0),38)=0,"",(INDEX('Static '!$A:$AL,MATCH(ROUNDDOWN($A$2,0),'Static '!$A:$A,0),38)))} -> #N/A
B4: Time | C4: Static Task | D4: notes | E4: Time | F4: Adjusted Task
B5: =B1 -> 0.33333333 | C5: =B3 -> #N/A | D5: {=ifna(IF(INDEX(Subject!B:D,MATCH(F5,Subject!C:C,0),3)=0,"",(INDEX(Subject!B:D,MATCH(F5,Subject!C:C,0),3))),"")} | E5: =Now!C7 -> 0.33333333 | F5: =ifna(Now!D7,"") | G5: {=IF($F5="","",HYPERLINK(INDEX(Subject!$B:$E,MATCH($F5,Subject!C:C,0),4)))} | H5: {=IF($F5="","",HYPERLINK(INDEX(Subject!$B:$I,MATCH($F5,Subject!$C:$C,0),5)))} | I5: {=IF($F5="","",HYPERLINK(INDEX(Subject!$B:$I,MATCH($F5,Subject!$C:$C,0),6)))} | J5: {=IF($F5="","",HYPERLINK(INDEX(Subject!$B:$I,MATCH($F5,Subject!$C:$C,0),7)))} | K5: {=IF($F5="","",HYPERLINK(INDEX(Subject!$B:$I,MATCH($F5,Subject!$C:$C,0),8)))}
B6: =C1 -> 0.35416667 | C6: =C3 -> #N/A | D6: {=ifna(IF(INDEX(Subject!B:D,MATCH(F6,Subject!C:C,0),3)=0,"",(INDEX(Subject!B:D,MATCH(F6,Subject!C:C,0),3))),"")} | E6: =Now!C8 -> 0.35416667 | F6: =ifna(Now!D8,"") | G6: {=IF(F6="","",HYPERLINK(INDEX(Subject!B:E,MATCH(F6,Subject!C:C,0),4)))} | H6: {=IF($F6="","",HYPERLINK(INDEX(Subject!$B:$I,MATCH($F6,Subject!$C:$C,0),5)))} | I6: {=IF($F6="","",HYPERLINK(INDEX(Subject!$B:$I,MATCH($F6,Subject!$C:$C,0),6)))} | J6: {=IF($F6="","",HYPERLINK(INDEX(Subject!$B:$I,MATCH($F6,Subject!$C:$C,0),7)))} | K6: {=IF($F6="","",HYPERLINK(INDEX(Subject!$B:$I,MATCH($F6,Subject!$C:$C,0),8)))}
B7: =D1 -> 0.375 | C7: =D3 -> #N/A | D7: {=ifna(IF(INDEX(Subject!B:D,MATCH(F7,Subject!C:C,0),3)=0,"",(INDEX(Subject!B:D,MATCH(F7,Subject!C:C,0),3))),"")} | E7: =Now!C9 -> 0.375 | F7: =ifna(Now!D9,"") | G7: {=IF(F7="","",HYPERLINK(INDEX(Subject!B:E,MATCH(F7,Subject!C:C,0),4)))} | H7: {=IF($F7="","",HYPERLINK(INDEX(Subject!$B:$I,MATCH($F7,Subject!$C:$C,0),5)))} | I7: {=IF($F7="","",HYPERLINK(INDEX(Subject!$B:$I,MATCH($F7,Subject!$C:$C,0),6)))} | J7: {=IF($F7="","",HYPERLINK(INDEX(Subject!$B:$I,MATCH($F7,Subject!$C:$C,0),7)))} | K7: {=IF($F7="","",HYPERLINK(INDEX(Subject!$B:$I,MATCH($F7,Subject!$C:$C,0),8)))}
B8: =E1 -> 0.39583333 | C8: =E3 -> #N/A | D8: {=ifna(IF(INDEX(Subject!B:D,MATCH(F8,Subject!C:C,0),3)=0,"",(INDEX(Subject!B:D,MATCH(F8,Subject!C:C,0),3))),"")} | E8: =Now!C10 -> 0.39583333 | F8: =ifna(Now!D10,"") | G8: {=IF(F8="","",HYPERLINK(INDEX(Subject!B:E,MATCH(F8,Subject!C:C,0),4)))} | H8: {=IF($F8="","",HYPERLINK(INDEX(Subject!$B:$I,MATCH($F8,Subject!$C:$C,0),5)))} | I8: {=IF($F8="","",HYPERLINK(INDEX(Subject!$B:$I,MATCH($F8,Subject!$C:$C,0),6)))} | J8: {=IF($F8="","",HYPERLINK(INDEX(Subject!$B:$I,MATCH($F8,Subject!$C:$C,0),7)))} | K8: {=IF($F8="","",HYPERLINK(INDEX(Subject!$B:$I,MATCH($F8,Subject!$C:$C,0),8)))}
B9: =F1 -> 0.41666667 | C9: =F3 -> #N/A | D9: {=ifna(IF(INDEX(Subject!B:D,MATCH(F9,Subject!C:C,0),3)=0,"",(INDEX(Subject!B:D,MATCH(F9,Subject!C:C,0),3))),"")} | E9: =Now!C11 -> 0.41666667 | F9: =ifna(Now!D11,"") | G9: {=IF(F9="","",HYPERLINK(INDEX(Subject!B:E,MATCH(F9,Subject!C:C,0),4)))} | H9: {=IF($F9="","",HYPERLINK(INDEX(Subject!$B:$I,MATCH($F9,Subject!$C:$C,0),5)))} | I9: {=IF($F9="","",HYPERLINK(INDEX(Subject!$B:$I,MATCH($F9,Subject!$C:$C,0),6)))} | J9: {=IF($F9="","",HYPERLINK(INDEX(Subject!$B:$I,MATCH($F9,Subject!$C:$C,0),7)))} | K9: {=IF($F9="","",HYPERLINK(INDEX(Subject!$B:$I,MATCH($F9,Subject!$C:$C,0),8)))}
B10: =G1 -> 0.4375 | C10: =G3 -> #N/A | D10: {=ifna(IF(INDEX(Subject!B:D,MATCH(F10,Subject!C:C,0),3)=0,"",(INDEX(Subject!B:D,MATCH(F10,Subject!C:C,0),3))),"")} | E10: =Now!C12 -> 0.4375 | F10: =ifna(Now!D12,"") | G10: {=IF(F10="","",HYPERLINK(INDEX(Subject!B:E,MATCH(F10,Subject!C:C,0),4)))} | H10: {=IF($F10="","",HYPERLINK(INDEX(Subject!$B:$I,MATCH($F10,Subject!$C:$C,0),5)))} | I10: {=IF($F10="","",HYPERLINK(INDEX(Subject!$B:$I,MATCH($F10,Subject!$C:$C,0),6)))} | J10: {=IF($F10="","",HYPERLINK(INDEX(Subject!$B:$I,MATCH($F10,Subject!$C:$C,0),7)))} | K10: {=IF($F10="","",HYPERLINK(INDEX(Subject!$B:$I,MATCH($F10,Subject!$C:$C,0),8)))}
B11: =H1 -> 0.45833333 | C11: =H3 -> #N/A | D11: {=ifna(IF(INDEX(Subject!B:D,MATCH(F11,Subject!C:C,0),3)=0,"",(INDEX(Subject!B:D,MATCH(F11,Subject!C:C,0),3))),"")} | E11: =Now!C13 -> 0.45833333 | F11: =ifna(Now!D13,"") | G11: {=IF(F11="","",HYPERLINK(INDEX(Subject!B:E,MATCH(F11,Subject!C:C,0),4)))} | H11: {=IF($F11="","",HYPERLINK(INDEX(Subject!$B:$I,MATCH($F11,Subject!$C:$C,0),5)))} | I11: {=IF($F11="","",HYPERLINK(INDEX(Subject!$B:$I,MATCH($F11,Subject!$C:$C,0),6)))} | J11: {=IF($F11="","",HYPERLINK(INDEX(Subject!$B:$I,MATCH($F11,Subject!$C:$C,0),7)))} | K11: {=IF($F11="","",HYPERLINK(INDEX(Subject!$B:$I,MATCH($F11,Subject!$C:$C,0),8)))}
B12: =I1 -> 0.47916667 | C12: =I3 -> #N/A | D12: {=ifna(IF(INDEX(Subject!B:D,MATCH(F12,Subject!C:C,0),3)=0,"",(INDEX(Subject!B:D,MATCH(F12,Subject!C:C,0),3))),"")} | E12: =Now!C14 -> 0.47916667 | F12: =ifna(Now!D14,"") | G12: {=IF(F12="","",HYPERLINK(INDEX(Subject!B:E,MATCH(F12,Subject!C:C,0),4)))} | H12: {=IF($F12="","",HYPERLINK(INDEX(Subject!$B:$I,MATCH($F12,Subject!$C:$C,0),5)))} | I12: {=IF($F12="","",HYPERLINK(INDEX(Subject!$B:$I,MATCH($F12,Subject!$C:$C,0),6)))} | J12: {=IF($F12="","",HYPERLINK(INDEX(Subject!$B:$I,MATCH($F12,Subject!$C:$C,0),7)))} | K12: {=IF($F12="","",HYPERLINK(INDEX(Subject!$B:$I,MATCH($F12,Subject!$C:$C,0),8)))}
B13: =J1 -> 0.5 | C13: =J3 -> #N/A | D13: {=ifna(IF(INDEX(Subject!B:D,MATCH(F13,Subject!C:C,0),3)=0,"",(INDEX(Subject!B:D,MATCH(F13,Subject!C:C,0),3))),"")} | E13: =Now!C15 -> 0.5 | F13: =ifna(Now!D15,"") | G13: {=IF(F13="","",HYPERLINK(INDEX(Subject!B:E,MATCH(F13,Subject!C:C,0),4)))} | H13: {=IF($F13="","",HYPERLINK(INDEX(Subject!$B:$I,MATCH($F13,Subject!$C:$C,0),5)))} | I13: {=IF($F13="","",HYPERLINK(INDEX(Subject!$B:$I,MATCH($F13,Subject!$C:$C,0),6)))} | J13: {=IF($F13="","",HYPERLINK(INDEX(Subject!$B:$I,MATCH($F13,Subject!$C:$C,0),7)))} | K13: {=IF($F13="","",HYPERLINK(INDEX(Subject!$B:$I,MATCH($F13,Subject!$C:$C,0),8)))}
B14: =K1 -> 0.52083333 | C14: =K3 -> #N/A | D14: {=ifna(IF(INDEX(Subject!B:D,MATCH(F14,Subject!C:C,0),3)=0,"",(INDEX(Subject!B:D,MATCH(F14,Subject!C:C,0),3))),"")} | E14: =Now!C16 -> 0.52083333 | F14: =ifna(Now!D16,"") | G14: {=IF(F14="","",HYPERLINK(INDEX(Subject!B:E,MATCH(F14,Subject!C:C,0),4)))} | H14: {=IF($F14="","",HYPERLINK(INDEX(Subject!$B:$I,MATCH($F14,Subject!$C:$C,0),5)))} | I14: {=IF($F14="","",HYPERLINK(INDEX(Subject!$B:$I,MATCH($F14,Subject!$C:$C,0),6)))} | J14: {=IF($F14="","",HYPERLINK(INDEX(Subject!$B:$I,MATCH($F14,Subject!$C:$C,0),7)))} | K14: {=IF($F14="","",HYPERLINK(INDEX(Subject!$B:$I,MATCH($F14,Subject!$C:$C,0),8)))}
B15: =L1 -> 0.54166667 | C15: =L3 -> #N/A | D15: {=ifna(IF(INDEX(Subject!B:D,MATCH(F15,Subject!C:C,0),3)=0,"",(INDEX(Subject!B:D,MATCH(F15,Subject!C:C,0),3))),"")} | E15: =Now!C17 -> 0.54166667 | F15: =ifna(Now!D17,"") | G15: {=IF(F15="","",HYPERLINK(INDEX(Subject!B:E,MATCH(F15,Subject!C:C,0),4)))} | H15: {=IF($F15="","",HYPERLINK(INDEX(Subject!$B:$I,MATCH($F15,Subject!$C:$C,0),5)))} | I15: {=IF($F15="","",HYPERLINK(INDEX(Subject!$B:$I,MATCH($F15,Subject!$C:$C,0),6)))} | J15: {=IF($F15="","",HYPERLINK(INDEX(Subject!$B:$I,MATCH($F15,Subject!$C:$C,0),7)))} | K15: {=IF($F15="","",HYPERLINK(INDEX(Subject!$B:$I,MATCH($F15,Subject!$C:$C,0),8)))}
B16: =M1 -> 0.5625 | C16: =M3 -> #N/A | D16: {=ifna(IF(INDEX(Subject!B:D,MATCH(F16,Subject!C:C,0),3)=0,"",(INDEX(Subject!B:D,MATCH(F16,Subject!C:C,0),3))),"")} | E16: =Now!C18 -> 0.5625 | F16: =ifna(Now!D18,"") | G16: {=IF(F16="","",HYPERLINK(INDEX(Subject!B:E,MATCH(F16,Subject!C:C,0),4)))} | H16: {=IF($F16="","",HYPERLINK(INDEX(Subject!$B:$I,MATCH($F16,Subject!$C:$C,0),5)))} | I16: {=IF($F16="","",HYPERLINK(INDEX(Subject!$B:$I,MATCH($F16,Subject!$C:$C,0),6)))} | J16: {=IF($F16="","",HYPERLINK(INDEX(Subject!$B:$I,MATCH($F16,Subject!$C:$C,0),7)))} | K16: {=IF($F16="","",HYPERLINK(INDEX(Subject!$B:$I,MATCH($F16,Subject!$C:$C,0),8)))}
B17: =N1 -> 0.58333333 | C17: =N3 -> #N/A | D17: {=ifna(IF(INDEX(Subject!B:D,MATCH(F17,Subject!C:C,0),3)=0,"",(INDEX(Subject!B:D,MATCH(F17,Subject!C:C,0),3))),"")} | E17: =Now!C19 -> 0.58333333 | F17: =ifna(Now!D19,"") | G17: {=IF(F17="","",HYPERLINK(INDEX(Subject!B:E,MATCH(F17,Subject!C:C,0),4)))} | H17: {=IF($F17="","",HYPERLINK(INDEX(Subject!$B:$I,MATCH($F17,Subject!$C:$C,0),5)))} | I17: {=IF($F17="","",HYPERLINK(INDEX(Subject!$B:$I,MATCH($F17,Subject!$C:$C,0),6)))} | J17: {=IF($F17="","",HYPERLINK(INDEX(Subject!$B:$I,MATCH($F17,Subject!$C:$C,0),7)))} | K17: {=IF($F17="","",HYPERLINK(INDEX(Subject!$B:$I,MATCH($F17,Subject!$C:$C,0),8)))}
B18: =O1 -> 0.60416667 | C18: =O3 -> #N/A | D18: {=ifna(IF(INDEX(Subject!B:D,MATCH(F18,Subject!C:C,0),3)=0,"",(INDEX(Subject!B:D,MATCH(F18,Subject!C:C,0),3))),"")} | E18: =Now!C20 -> 0.60416667 | F18: =ifna(Now!D20,"") | G18: {=IF(F18="","",HYPERLINK(CELL("contents",INDEX(Subject!B:E,MATCH(F18,Subject!C:C,0),4))))} | H18: {=IF($F18="","",HYPERLINK(INDEX(Subject!$B:$I,MATCH($F18,Subject!$C:$C,0),5)))} | I18: {=IF($F18="","",HYPERLINK(INDEX(Subject!$B:$I,MATCH($F18,Subject!$C:$C,0),6)))} | J18: {=IF($F18="","",HYPERLINK(INDEX(Subject!$B:$I,MATCH($F18,Subject!$C:$C,0),7)))} | K18: {=IF($F18="","",HYPERLINK(INDEX(Subject!$B:$I,MATCH($F18,Subject!$C:$C,0),8)))}
B19: =P1 -> 0.625 | C19: =P3 -> #N/A | D19: {=ifna(IF(INDEX(Subject!B:D,MATCH(F19,Subject!C:C,0),3)=0,"",(INDEX(Subject!B:D,MATCH(F19,Subject!C:C,0),3))),"")} | E19: =Now!C21 -> 0.625 | F19: =ifna(Now!D21,"") | G19: {=ifna(IF(F19="","",HYPERLINK(INDEX(Subject!B:E,MATCH(F19,Subject!C:C,0),4))),"")} | H19: {=IF($F19="","",HYPERLINK(INDEX(Subject!$B:$I,MATCH($F19,Subject!$C:$C,0),5)))} | I19: {=IF($F19="","",HYPERLINK(INDEX(Subject!$B:$I,MATCH($F19,Subject!$C:$C,0),6)))} | J19: {=IF($F19="","",HYPERLINK(INDEX(Subject!$B:$I,MATCH($F19,Subject!$C:$C,0),7)))} | K19: {=IF($F19="","",HYPERLINK(INDEX(Subject!$B:$I,MATCH($F19,Subject!$C:$C,0),8)))}
B20: =Q1 -> 0.64583333 | C20: =Q3 -> #N/A | D20: {=ifna(IF(INDEX(Subject!B:D,MATCH(F20,Subject!C:C,0),3)=0,"",(INDEX(Subject!B:D,MATCH(F20,Subject!C:C,0),3))),"")} | E20: =Now!C22 -> 0.64583333 | F20: =ifna(Now!D22,"") | G20: {=ifna(IF(F20="","",HYPERLINK(INDEX(Subject!B:E,MATCH(F20,Subject!C:C,0),4))),"")} | H20: {=IF($F20="","",HYPERLINK(INDEX(Subject!$B:$I,MATCH($F20,Subject!$C:$C,0),5)))} | I20: {=IF($F20="","",HYPERLINK(INDEX(Subject!$B:$I,MATCH($F20,Subject!$C:$C,0),6)))} | J20: {=IF($F20="","",HYPERLINK(INDEX(Subject!$B:$I,MATCH($F20,Subject!$C:$C,0),7)))} | K20: {=IF($F20="","",HYPERLINK(INDEX(Subject!$B:$I,MATCH($F20,Subject!$C:$C,0),8)))}
B21: =R1 -> 0.66666667 | C21: =R3 -> #N/A | D21: {=ifna(IF(INDEX(Subject!B:D,MATCH(F21,Subject!C:C,0),3)=0,"",(INDEX(Subject!B:D,MATCH(F21,Subject!C:C,0),3))),"")} | E21: =Now!C23 -> 0.66666667 | F21: =ifna(Now!D23,"") | G21: {=IF(F21="","",HYPERLINK(INDEX(Subject!B:E,MATCH(F21,Subject!C:C,0),4)))} | H21: {=IF($F21="","",HYPERLINK(INDEX(Subject!$B:$I,MATCH($F21,Subject!$C:$C,0),5)))} | I21: {=IF($F21="","",HYPERLINK(INDEX(Subject!$B:$I,MATCH($F21,Subject!$C:$C,0),6)))} | J21: {=IF($F21="","",HYPERLINK(INDEX(Subject!$B:$I,MATCH($F21,Subject!$C:$C,0),7)))} | K21: {=IF($F21="","",HYPERLINK(INDEX(Subject!$B:$I,MATCH($F21,Subject!$C:$C,0),8)))}
B22: =S1 -> 0.6875 | C22: =S3 -> #N/A | D22: {=ifna(IF(INDEX(Subject!B:D,MATCH(F22,Subject!C:C,0),3)=0,"",(INDEX(Subject!B:D,MATCH(F22,Subject!C:C,0),3))),"")} | E22: =Now!C24 -> 0.6875 | F22: =ifna(Now!D24,"") | G22: {=IF(F22="","",HYPERLINK(INDEX(Subject!B:E,MATCH(F22,Subject!C:C,0),4)))} | H22: {=IF($F22="","",HYPERLINK(INDEX(Subject!$B:$I,MATCH($F22,Subject!$C:$C,0),5)))} | I22: {=IF($F22="","",HYPERLINK(INDEX(Subject!$B:$I,MATCH($F22,Subject!$C:$C,0),6)))} | J22: {=IF($F22="","",HYPERLINK(INDEX(Subject!$B:$I,MATCH($F22,Subject!$C:$C,0),7)))} | K22: {=IF($F22="","",HYPERLINK(INDEX(Subject!$B:$I,MATCH($F22,Subject!$C:$C,0),8)))}
B23: =T1 -> 0.70833333 | C23: =T3 -> #N/A | D23: {=ifna(IF(INDEX(Subject!B:D,MATCH(F23,Subject!C:C,0),3)=0,"",(INDEX(Subject!B:D,MATCH(F23,Subject!C:C,0),3))),"")} | E23: =Now!C25 -> 0.70833333 | F23: =ifna(Now!D25,"") | G23: {=IF(F23="","",HYPERLINK(INDEX(Subject!B:E,MATCH(F23,Subject!C:C,0),4)))} | H23: {=IF($F23="","",HYPERLINK(INDEX(Subject!$B:$I,MATCH($F23,Subject!$C:$C,0),5)))} | I23: {=IF($F23="","",HYPERLINK(INDEX(Subject!$B:$I,MATCH($F23,Subject!$C:$C,0),6)))} | J23: {=IF($F23="","",HYPERLINK(INDEX(Subject!$B:$I,MATCH($F23,Subject!$C:$C,0),7)))} | K23: {=IF($F23="","",HYPERLINK(INDEX(Subject!$B:$I,MATCH($F23,Subject!$C:$C,0),8)))}
B24: =U1 -> 0.72916667 | C24: =U3 -> #N/A | D24: {=ifna(IF(INDEX(Subject!B:D,MATCH(F24,Subject!C:C,0),3)=0,"",(INDEX(Subject!B:D,MATCH(F24,Subject!C:C,0),3))),"")} | E24: =Now!C26 -> 0.72916667 | F24: =ifna(Now!D26,"") | G24: {=IF(F24="","",HYPERLINK(INDEX(Subject!B:E,MATCH(F24,Subject!C:C,0),4)))} | H24: {=IF($F24="","",HYPERLINK(INDEX(Subject!$B:$I,MATCH($F24,Subject!$C:$C,0),5)))} | I24: {=IF($F24="","",HYPERLINK(INDEX(Subject!$B:$I,MATCH($F24,Subject!$C:$C,0),6)))} | J24: {=IF($F24="","",HYPERLINK(INDEX(Subject!$B:$I,MATCH($F24,Subject!$C:$C,0),7)))} | K24: {=IF($F24="","",HYPERLINK(INDEX(Subject!$B:$I,MATCH($F24,Subject!$C:$C,0),8)))}
B25: =V1 -> 0.75 | C25: =V3 -> #N/A | D25: {=ifna(IF(INDEX(Subject!B:D,MATCH(F25,Subject!C:C,0),3)=0,"",(INDEX(Subject!B:D,MATCH(F25,Subject!C:C,0),3))),"")} | E25: =Now!C27 -> 0.75 | F25: =ifna(Now!D27,"") | G25: {=IF(F25="","",HYPERLINK(INDEX(Subject!B:E,MATCH(F25,Subject!C:C,0),4)))} | H25: {=IF($F25="","",HYPERLINK(INDEX(Subject!$B:$I,MATCH($F25,Subject!$C:$C,0),5)))} | I25: {=IF($F25="","",HYPERLINK(INDEX(Subject!$B:$I,MATCH($F25,Subject!$C:$C,0),6)))} | J25: {=IF($F25="","",HYPERLINK(INDEX(Subject!$B:$I,MATCH($F25,Subject!$C:$C,0),7)))} | K25: {=IF($F25="","",HYPERLINK(INDEX(Subject!$B:$I,MATCH($F25,Subject!$C:$C,0),8)))}
B26: =W1 -> 0.77083333 | C26: =W3 -> #N/A | D26: {=ifna(IF(INDEX(Subject!B:D,MATCH(F26,Subject!C:C,0),3)=0,"",(INDEX(Subject!B:D,MATCH(F26,Subject!C:C,0),3))),"")} | E26: =Now!C28 -> 0.77083333 | F26: =ifna(Now!D28,"") | G26: {=IF(F26="","",HYPERLINK(INDEX(Subject!B:E,MATCH(F26,Subject!C:C,0),4)))} | H26: {=IF($F26="","",HYPERLINK(INDEX(Subject!$B:$I,MATCH($F26,Subject!$C:$C,0),5)))} | I26: {=IF($F26="","",HYPERLINK(INDEX(Subject!$B:$I,MATCH($F26,Subject!$C:$C,0),6)))} | J26: {=IF($F26="","",HYPERLINK(INDEX(Subject!$B:$I,MATCH($F26,Subject!$C:$C,0),7)))} | K26: {=IF($F26="","",HYPERLINK(INDEX(Subject!$B:$I,MATCH($F26,Subject!$C:$C,0),8)))}
B27: =X1 -> 0.79166667 | C27: =X3 -> #N/A | D27: {=ifna(IF(INDEX(Subject!B:D,MATCH(F27,Subject!C:C,0),3)=0,"",(INDEX(Subject!B:D,MATCH(F27,Subject!C:C,0),3))),"")} | E27: =Now!C29 -> 0.79166667 | F27: =ifna(Now!D29,"") | G27: {=IF(F27="","",HYPERLINK(INDEX(Subject!B:E,MATCH(F27,Subject!C:C,0),4)))} | H27: {=IF($F27="","",HYPERLINK(INDEX(Subject!$B:$I,MATCH($F27,Subject!$C:$C,0),5)))} | I27: {=IF($F27="","",HYPERLINK(INDEX(Subject!$B:$I,MATCH($F27,Subject!$C:$C,0),6)))} | J27: {=IF($F27="","",HYPERLINK(INDEX(Subject!$B:$I,MATCH($F27,Subject!$C:$C,0),7)))} | K27: {=IF($F27="","",HYPERLINK(INDEX(Subject!$B:$I,MATCH($F27,Subject!$C:$C,0),8)))}
B28: =Y1 -> 0.8125 | C28: =Y3 -> #N/A | D28: {=ifna(IF(INDEX(Subject!B:D,MATCH(F28,Subject!C:C,0),3)=0,"",(INDEX(Subject!B:D,MATCH(F28,Subject!C:C,0),3))),"")} | E28: =Now!C30 -> 0.8125 | F28: =ifna(Now!D30,"") | G28: {=IF(F28="","",HYPERLINK(INDEX(Subject!B:E,MATCH(F28,Subject!C:C,0),4)))} | H28: {=IF($F28="","",HYPERLINK(INDEX(Subject!$B:$I,MATCH($F28,Subject!$C:$C,0),5)))} | I28: {=IF($F28="","",HYPERLINK(INDEX(Subject!$B:$I,MATCH($F28,Subject!$C:$C,0),6)))} | J28: {=IF($F28="","",HYPERLINK(INDEX(Subject!$B:$I,MATCH($F28,Subject!$C:$C,0),7)))} | K28: {=IF($F28="","",HYPERLINK(INDEX(Subject!$B:$I,MATCH($F28,Subject!$C:$C,0),8)))}
B29: =Z1 -> 0.83333333 | C29: =Z3 -> #N/A | D29: {=ifna(IF(INDEX(Subject!B:D,MATCH(F29,Subject!C:C,0),3)=0,"",(INDEX(Subject!B:D,MATCH(F29,Subject!C:C,0),3))),"")} | E29: =Now!C31 -> 0.83333333 | F29: =ifna(Now!D31,"") | G29: {=IF(F29="","",HYPERLINK(INDEX(Subject!B:E,MATCH(F29,Subject!C:C,0),4)))} | H29: {=IF($F29="","",HYPERLINK(INDEX(Subject!$B:$I,MATCH($F29,Subject!$C:$C,0),5)))} | I29: {=IF($F29="","",HYPERLINK(INDEX(Subject!$B:$I,MATCH($F29,Subject!$C:$C,0),6)))} | J29: {=IF($F29="","",HYPERLINK(INDEX(Subject!$B:$I,MATCH($F29,Subject!$C:$C,0),7)))} | K29: {=IF($F29="","",HYPERLINK(INDEX(Subject!$B:$I,MATCH($F29,Subject!$C:$C,0),8)))}
B30: =AA1 -> 0.85416667 | C30: =AA3 -> #N/A | D30: {=ifna(IF(INDEX(Subject!B:D,MATCH(F30,Subject!C:C,0),3)=0,"",(INDEX(Subject!B:D,MATCH(F30,Subject!C:C,0),3))),"")} | E30: =Now!C32 -> 0.85416667 | F30: =ifna(Now!D32,"") | G30: {=IF(F30="","",HYPERLINK(INDEX(Subject!B:E,MATCH(F30,Subject!C:C,0),4)))} | H30: {=IF($F30="","",HYPERLINK(INDEX(Subject!$B:$I,MATCH($F30,Subject!$C:$C,0),5)))} | I30: {=IF($F30="","",HYPERLINK(INDEX(Subject!$B:$I,MATCH($F30,Subject!$C:$C,0),6)))} | J30: {=IF($F30="","",HYPERLINK(INDEX(Subject!$B:$I,MATCH($F30,Subject!$C:$C,0),7)))} | K30: {=IF($F30="","",HYPERLINK(INDEX(Subject!$B:$I,MATCH($F30,Subject!$C:$C,0),8)))}
B31: =AB1 -> 0.875 | C31: =AB3 -> #N/A | D31: {=ifna(IF(INDEX(Subject!B:D,MATCH(F31,Subject!C:C,0),3)=0,"",(INDEX(Subject!B:D,MATCH(F31,Subject!C:C,0),3))),"")} | E31: =Now!C33 -> 0.875 | F31: =ifna(Now!D33,"") | G31: {=IF(F31="","",HYPERLINK(INDEX(Subject!B:E,MATCH(F31,Subject!C:C,0),4)))} | H31: {=IF($F31="","",HYPERLINK(INDEX(Subject!$B:$I,MATCH($F31,Subject!$C:$C,0),5)))} | I31: {=IF($F31="","",HYPERLINK(INDEX(Subject!$B:$I,MATCH($F31,Subject!$C:$C,0),6)))} | J31: {=IF($F31="","",HYPERLINK(INDEX(Subject!$B:$I,MATCH($F31,Subject!$C:$C,0),7)))} | K31: {=IF($F31="","",HYPERLINK(INDEX(Subject!$B:$I,MATCH($F31,Subject!$C:$C,0),8)))}
B32: =AC1 -> 0.89583333 | C32: =AC3 -> #N/A | D32: {=ifna(IF(INDEX(Subject!B:D,MATCH(F32,Subject!C:C,0),3)=0,"",(INDEX(Subject!B:D,MATCH(F32,Subject!C:C,0),3))),"")} | E32: =Now!C34 -> 0.89583333 | F32: =ifna(Now!D34,"") | G32: {=IF(F32="","",HYPERLINK(INDEX(Subject!B:E,MATCH(F32,Subject!C:C,0),4)))} | H32: {=IF($F32="","",HYPERLINK(INDEX(Subject!$B:$I,MATCH($F32,Subject!$C:$C,0),5)))} | I32: {=IF($F32="","",HYPERLINK(INDEX(Subject!$B:$I,MATCH($F32,Subject!$C:$C,0),6)))} | J32: {=IF($F32="","",HYPERLINK(INDEX(Subject!$B:$I,MATCH($F32,Subject!$C:$C,0),7)))} | K32: {=IF($F32="","",HYPERLINK(INDEX(Subject!$B:$I,MATCH($F32,Subject!$C:$C,0),8)))}
B33: =AD1 -> 0.91666667 | C33: =AD3 -> #N/A | D33: {=ifna(IF(INDEX(Subject!B:D,MATCH(F33,Subject!C:C,0),3)=0,"",(INDEX(Subject!B:D,MATCH(F33,Subject!C:C,0),3))),"")} | E33: =Now!C35 -> 0.91666667 | F33: =ifna(Now!D35,"") | G33: {=IF(F33="","",HYPERLINK(INDEX(Subject!B:E,MATCH(F33,Subject!C:C,0),4)))} | H33: {=IF($F33="","",HYPERLINK(INDEX(Subject!$B:$I,MATCH($F33,Subject!$C:$C,0),5)))} | I33: {=IF($F33="","",HYPERLINK(INDEX(Subject!$B:$I,MATCH($F33,Subject!$C:$C,0),6)))} | J33: {=IF($F33="","",HYPERLINK(INDEX(Subject!$B:$I,MATCH($F33,Subject!$C:$C,0),7)))} | K33: {=IF($F33="","",HYPERLINK(INDEX(Subject!$B:$I,MATCH($F33,Subject!$C:$C,0),8)))}
B34: =AE1 -> 0.9375 | C34: =AE3 -> #N/A | D34: {=ifna(IF(INDEX(Subject!B:D,MATCH(F34,Subject!C:C,0),3)=0,"",(INDEX(Subject!B:D,MATCH(F34,Subject!C:C,0),3))),"")} | E34: =Now!C36 -> 0.9375 | F34: =ifna(Now!D36,"") | G34: {=IF(F34="","",HYPERLINK(INDEX(Subject!B:E,MATCH(F34,Subject!C:C,0),4)))} | H34: {=IF($F34="","",HYPERLINK(INDEX(Subject!$B:$I,MATCH($F34,Subject!$C:$C,0),5)))} | I34: {=IF($F34="","",HYPERLINK(INDEX(Subject!$B:$I,MATCH($F34,Subject!$C:$C,0),6)))} | J34: {=IF($F34="","",HYPERLINK(INDEX(Subject!$B:$I,MATCH($F34,Subject!$C:$C,0),7)))} | K34: {=IF($F34="","",HYPERLINK(INDEX(Subject!$B:$I,MATCH($F34,Subject!$C:$C,0),8)))}
B35: =AF1 -> 0.95833333 | C35: =AF3 -> #N/A | D35: {=ifna(IF(INDEX(Subject!B:D,MATCH(F35,Subject!C:C,0),3)=0,"",(INDEX(Subject!B:D,MATCH(F35,Subject!C:C,0),3))),"")} | E35: =Now!C37 -> 0.95833333 | F35: =ifna(Now!D37,"") | G35: {=IF(F35="","",HYPERLINK(INDEX(Subject!B:E,MATCH(F35,Subject!C:C,0),4)))} | H35: {=IF($F35="","",HYPERLINK(INDEX(Subject!$B:$I,MATCH($F35,Subject!$C:$C,0),5)))} | I35: {=IF($F35="","",HYPERLINK(INDEX(Subject!$B:$I,MATCH($F35,Subject!$C:$C,0),6)))} | J35: {=IF($F35="","",HYPERLINK(INDEX(Subject!$B:$I,MATCH($F35,Subject!$C:$C,0),7)))} | K35: {=IF($F35="","",HYPERLINK(INDEX(Subject!$B:$I,MATCH($F35,Subject!$C:$C,0),8)))}
B36: =AG1 -> 0.97916667 | C36: =AG3 -> #N/A | D36: {=ifna(IF(INDEX(Subject!B:D,MATCH(F36,Subject!C:C,0),3)=0,"",(INDEX(Subject!B:D,MATCH(F36,Subject!C:C,0),3))),"")} | E36: =Now!C38 -> 0.97916667 | F36: =ifna(Now!D38,"") | G36: {=IF(F36="","",HYPERLINK(INDEX(Subject!B:E,MATCH(F36,Subject!C:C,0),4)))} | H36: {=IF($F36="","",HYPERLINK(INDEX(Subject!$B:$I,MATCH($F36,Subject!$C:$C,0),5)))} | I36: {=IF($F36="","",HYPERLINK(INDEX(Subject!$B:$I,MATCH($F36,Subject!$C:$C,0),6)))} | J36: {=IF($F36="","",HYPERLINK(INDEX(Subject!$B:$I,MATCH($F36,Subject!$C:$C,0),7)))} | K36: {=IF($F36="","",HYPERLINK(INDEX(Subject!$B:$I,MATCH($F36,Subject!$C:$C,0),8)))}
B37: =AH1 -> 1 | C37: =AH3 -> #N/A | D37: {=ifna(IF(INDEX(Subject!B:D,MATCH(F37,Subject!C:C,0),3)=0,"",(INDEX(Subject!B:D,MATCH(F37,Subject!C:C,0),3))),"")} | E37: =Now!C39 -> 1 | F37: =ifna(Now!D39,"") | G37: {=IF(F37="","",HYPERLINK(INDEX(Subject!B:E,MATCH(F37,Subject!C:C,0),4)))} | H37: {=IF($F37="","",HYPERLINK(INDEX(Subject!$B:$I,MATCH($F37,Subject!$C:$C,0),5)))} | I37: {=IF($F37="","",HYPERLINK(INDEX(Subject!$B:$I,MATCH($F37,Subject!$C:$C,0),6)))} | J37: {=IF($F37="","",HYPERLINK(INDEX(Subject!$B:$I,MATCH($F37,Subject!$C:$C,0),7)))} | K37: {=IF($F37="","",HYPERLINK(INDEX(Subject!$B:$I,MATCH($F37,Subject!$C:$C,0),8)))}
B38: =AI1 -> 1.0208333 | C38: =AI3 -> #N/A | D38: {=ifna(IF(INDEX(Subject!B:D,MATCH(F38,Subject!C:C,0),3)=0,"",(INDEX(Subject!B:D,MATCH(F38,Subject!C:C,0),3))),"")} | E38: =Now!C40 -> 1.0208333 | F38: =ifna(Now!D40,"") | G38: {=IF(F38="","",HYPERLINK(INDEX(Subject!B:E,MATCH(F38,Subject!C:C,0),4)))} | H38: {=IF($F38="","",HYPERLINK(INDEX(Subject!$B:$I,MATCH($F38,Subject!$C:$C,0),5)))} | I38: {=IF($F38="","",HYPERLINK(INDEX(Subject!$B:$I,MATCH($F38,Subject!$C:$C,0),6)))} | J38: {=IF($F38="","",HYPERLINK(INDEX(Subject!$B:$I,MATCH($F38,Subject!$C:$C,0),7)))} | K38: {=IF($F38="","",HYPERLINK(INDEX(Subject!$B:$I,MATCH($F38,Subject!$C:$C,0),8)))}
B39: =AJ1 -> 1.0416667 | C39: =AJ3 -> #N/A | D39: {=ifna(IF(INDEX(Subject!B:D,MATCH(F39,Subject!C:C,0),3)=0,"",(INDEX(Subject!B:D,MATCH(F39,Subject!C:C,0),3))),"")} | E39: =Now!C41 -> 1.0416667 | F39: =ifna(Now!D41,"") | G39: {=IF(F39="","",HYPERLINK(INDEX(Subject!B:E,MATCH(F39,Subject!C:C,0),4)))} | H39: {=IF($F39="","",HYPERLINK(INDEX(Subject!$B:$I,MATCH($F39,Subject!$C:$C,0),5)))} | I39: {=IF($F39="","",HYPERLINK(INDEX(Subject!$B:$I,MATCH($F39,Subject!$C:$C,0),6)))} | J39: {=IF($F39="","",HYPERLINK(INDEX(Subject!$B:$I,MATCH($F39,Subject!$C:$C,0),7)))} | K39: {=IF($F39="","",HYPERLINK(INDEX(Subject!$B:$I,MATCH($F39,Subject!$C:$C,0),8)))}
B40: =AK1 -> 1.0625 | C40: =AK3 -> #N/A | D40: {=ifna(IF(INDEX(Subject!B:D,MATCH(F40,Subject!C:C,0),3)=0,"",(INDEX(Subject!B:D,MATCH(F40,Subject!C:C,0),3))),"")} | E40: =Now!C42 -> 1.0625 | F40: =ifna(Now!D42,"") | G40: {=IF(F40="","",HYPERLINK(INDEX(Subject!B:E,MATCH(F40,Subject!C:C,0),4)))} | H40: {=IF($F40="","",HYPERLINK(INDEX(Subject!$B:$I,MATCH($F40,Subject!$C:$C,0),5)))} | I40: {=IF($F40="","",HYPERLINK(INDEX(Subject!$B:$I,MATCH($F40,Subject!$C:$C,0),6)))} | J40: {=IF($F40="","",HYPERLINK(INDEX(Subject!$B:$I,MATCH($F40,Subject!$C:$C,0),7)))} | K40: {=IF($F40="","",HYPERLINK(INDEX(Subject!$B:$I,MATCH($F40,Subject!$C:$C,0),8)))}
B41: =AL1 -> 1.0833333 | C41: =AL3 -> #N/A | D41: {=ifna(IF(INDEX(Subject!B:D,MATCH(F41,Subject!C:C,0),3)=0,"",(INDEX(Subject!B:D,MATCH(F41,Subject!C:C,0),3))),"")} | E41: =Now!C43 -> 1.0833333 | F41: =ifna(Now!D43,"") | G41: {=IF(F41="","",HYPERLINK(INDEX(Subject!B:E,MATCH(F41,Subject!C:C,0),4)))} | H41: {=IF($F41="","",HYPERLINK(INDEX(Subject!$B:$I,MATCH($F41,Subject!$C:$C,0),5)))} | I41: {=IF($F41="","",HYPERLINK(INDEX(Subject!$B:$I,MATCH($F41,Subject!$C:$C,0),6)))} | J41: {=IF($F41="","",HYPERLINK(INDEX(Subject!$B:$I,MATCH($F41,Subject!$C:$C,0),7)))} | K41: {=IF($F41="","",HYPERLINK(INDEX(Subject!$B:$I,MATCH($F41,Subject!$C:$C,0),8)))}

Sheet Subject
A1: =MAX(B:B) -> 1 | C1: List of Subjects | D1: Notes | E1: Source or instructions
A2: =C2&" "&E2 | B2: 1 | C2: =IF(Planner!A5<>"",Planner!A5,"")
B3: =IF(C3<>"",B2+1,"") | C3: =IF(Planner!A6<>"",Planner!A6,"")
B4: =IF(C4<>"",B3+1,"") | C4: =IF(Planner!A7<>"",Planner!A7,"")
B5: =IF(C5<>"",B4+1,"") | C5: =IF(Planner!A8<>"",Planner!A8,"")
B6: =IF(C6<>"",B5+1,"") | C6: =IF(Planner!A9<>"",Planner!A9,"")
B7: =IF(C7<>"",B6+1,"") | C7: =IF(Planner!A10<>"",Planner!A10,"")
B8: =IF(C8<>"",B7+1,"") | C8: =IF(Planner!A11<>"",Planner!A11,"")
B9: =IF(C9<>"",B8+1,"") | C9: =IF(Planner!A12<>"",Planner!A12,"")
B10: =IF(C10<>"",B9+1,"") | C10: =IF(Planner!A13<>"",Planner!A13,"")
B11: =IF(C11<>"",B10+1,"") | C11: =IF(Planner!A14<>"",Planner!A14,"")
B12: =IF(C12<>"",B11+1,"") | C12: =IF(Planner!A15<>"",Planner!A15,"")
B13: =IF(C13<>"",B12+1,"") | C13: =IF(Planner!A16<>"",Planner!A16,"")
B14: =IF(C14<>"",B13+1,"") | C14: =IF(Planner!A17<>"",Planner!A17,"")
... B100: =IF(C100<>"",B99+1,"") | C100: =IF(Planner!A103<>"",Planner!A103,"")

Sheet Schedule
A1: =NOW() -> 46204.554 | B1: =B2 -> 0.33333333 | C1: =C2 -> 0.35416667 | D1: =D2 -> 0.375 | E1: =E2 -> 0.39583333 | F1: =F2 -> 0.41666667 | G1: =G2 -> 0.4375 | H1: =H2 -> 0.45833333 | I1: =I2 -> 0.47916667 | ... AL1: =AL2 -> 1.0833333
B2: 0.33333333 | C2: 0.35416667 | D2: 0.375 | E2: 0.39583333 | F2: 0.41666667 | G2: 0.4375 | H2: 0.45833333 | I2: 0.47916667 | J2: 0.5 | K2: 0.52083333 | L2: 0.54166667 | M2: 0.5625 | N2: 0.58333333 | O2: 0.60416667 | P2: 0.625 | Q2: 0.64583333 | R2: 0.66666667 | S2: 0.6875 | T2: 0.70833333 | U2: 0.72916667 | V2: 0.75 | W2: 0.77083333 | X2: 0.79166667 | Y2: 0.8125 | Z2: 0.83333333 | AA2: 0.85416667 | AB2: 0.875 | AC2: 0.89583333 | AD2: 0.91666667 | AE2: 0.9375 | AF2: 0.95833333 | AG2: 0.97916667 | AH2: 1 | AI2: 1.0208333 | AJ2: 1.0416667 | AK2: 1.0625 | AL2: 1.0833333
A3: 45503 | U3: {=INDEX(Subject!$A:$I,MATCH(RANDBETWEEN(1,16),Subject!$B:$B,0),3)} -> #N/A | AM3: =$A3+B$1 -> 45503.333 | AN3: =$A3+C$1 -> 45503.354 | AO3: =$A3+D$1 -> 45503.375 | AP3: =$A3+E$1 -> 45503.396 | AQ3: =$A3+F$1 -> 45503.417 | AR3: =$A3+G$1 -> 45503.438 | AS3: =$A3+H$1 -> 45503.458 | AT3: =$A3+I$1 -> 45503.479 | ... BZ3: =$A3+AO$1 -> 45503
A4: 45504 | B4: {=IF(NOW()>AM4,"",IF(AND((WEEKDAY($A4)+$B$2)>1,((WEEKDAY($A4)+$T$2)<7)),"work",(INDEX(Subject!$A:$I,MATCH(RANDBETWEEN(1,20),Subject!$B:$B,0),3))))} | C4: {=IF(NOW()>AN4,"",IF(AND((WEEKDAY($A4)+$B$2)>1,((WEEKDAY($A4)+$T$2)<7)),"work",(INDEX(Subject!$A:$I,MATCH(RANDBETWEEN(1,(MAX(Subject!B:B))),Subject!$B:$B,0),3))))} | D4: {=IF(NOW()>AO4,"",IF(AND((WEEKDAY($A4)+$B$2)>1,((WEEKDAY($A4)+$T$2)<7)),"work",(INDEX(Subject!$A:$I,MATCH(RANDBETWEEN(1,(MAX(Subject!C:C))),Subject!$B:$B,0),3))))} | E4: {=IF(NOW()>AP4,"",IF(AND((WEEKDAY($A4)+$B$2)>1,((WEEKDAY($A4)+$T$2)<7)),"work",(INDEX(Subject!$A:$I,MATCH(RANDBETWEEN(1,(MAX(Subject!D:D))),Subject!$B:$B,0),3))))} | F4: {=IF(NOW()>AQ4,"",IF(AND((WEEKDAY($A4)+$B$2)>1,((WEEKDAY($A4)+$T$2)<7)),"work",(INDEX(Subject!$A:$I,MATCH(RANDBETWEEN(1,(MAX(Subject!E:E))),Subject!$B:$B,0),3))))} | G4: {=IF(NOW()>AR4,"",IF(AND((WEEKDAY($A4)+$B$2)>1,((WEEKDAY($A4)+$T$2)<7)),"work",(INDEX(Subject!$A:$I,MATCH(RANDBETWEEN(1,(MAX(Subject!F:F))),Subject!$B:$B,0),3))))} | H4: {=IF(NOW()>AS4,"",IF(AND((WEEKDAY($A4)+$B$2)>1,((WEEKDAY($A4)+$T$2)<7)),"work",(INDEX(Subject!$A:$I,MATCH(RANDBETWEEN(1,(MAX(Subject!G:G))),Subject!$B:$B,0),3))))} | I4: {=IF(NOW()>AT4,"",IF(AND((WEEKDAY($A4)+$B$2)>1,((WEEKDAY($A4)+$T$2)<7)),"work",(INDEX(Subject!$A:$I,MATCH(RANDBETWEEN(1,(MAX(Subject!H:H))),Subject!$B:$B,0),3))))} | J4: {=IF(NOW()>AU4,"",IF(AND((WEEKDAY($A4)+$B$2)>1,((WEEKDAY($A4)+$T$2)<7)),"work",(INDEX(Subject!$A:$I,MATCH(RANDBETWEEN(1,(MAX(Subject!I:I))),Subject!$B:$B,0),3))))} | K4: {=IF(NOW()>AV4,"",IF(AND((WEEKDAY($A4)+$B$2)>1,((WEEKDAY($A4)+$T$2)<7)),"work",(INDEX(Subject!$A:$I,MATCH(RANDBETWEEN(1,(MAX(Subject!J:J))),Subject!$B:$B,0),3))))} | L4: {=IF(NOW()>AW4,"",IF(AND((WEEKDAY($A4)+$B$2)>1,((WEEKDAY($A4)+$T$2)<7)),"work",(INDEX(Subject!$A:$I,MATCH(RANDBETWEEN(1,(MAX(Subject!K:K))),Subject!$B:$B,0),3))))} | M4: {=IF(NOW()>AX4,"",IF(AND((WEEKDAY($A4)+$B$2)>1,((WEEKDAY($A4)+$T$2)<7)),"work",(INDEX(Subject!$A:$I,MATCH(RANDBETWEEN(1,(MAX(Subject!L:L))),Subject!$B:$B,0),3))))} | N4: {=IF(NOW()>AY4,"",IF(AND((WEEKDAY($A4)+$B$2)>1,((WEEKDAY($A4)+$T$2)<7)),"work",(INDEX(Subject!$A:$I,MATCH(RANDBETWEEN(1,(MAX(Subject!M:M))),Subject!$B:$B,0),3))))} | O4: {=IF(NOW()>AZ4,"",IF(AND((WEEKDAY($A4)+$B$2)>1,((WEEKDAY($A4)+$T$2)<7)),"work",(INDEX(Subject!$A:$I,MATCH(RANDBETWEEN(1,(MAX(Subject!N:N))),Subject!$B:$B,0),3))))} | P4: {=IF(NOW()>BA4,"",IF(AND((WEEKDAY($A4)+$B$2)>1,((WEEKDAY($A4)+$T$2)<7)),"work",(INDEX(Subject!$A:$I,MATCH(RANDBETWEEN(1,(MAX(Subject!O:O))),Subject!$B:$B,0),3))))} | Q4: {=IF(NOW()>BB4,"",IF(AND((WEEKDAY($A4)+$B$2)>1,((WEEKDAY($A4)+$T$2)<7)),"work",(INDEX(Subject!$A:$I,MATCH(RANDBETWEEN(1,(MAX(Subject!P:P))),Subject!$B:$B,0),3))))} | R4: {=IF(NOW()>BC4,"",IF(AND((WEEKDAY($A4)+$B$2)>1,((WEEKDAY($A4)+$T$2)<7)),"work",(INDEX(Subject!$A:$I,MATCH(RANDBETWEEN(1,(MAX(Subject!Q:Q))),Subject!$B:$B,0),3))))} | S4: {=IF(NOW()>BD4,"",IF(AND((WEEKDAY($A4)+$B$2)>1,((WEEKDAY($A4)+$T$2)<7)),"work",(INDEX(Subject!$A:$I,MATCH(RANDBETWEEN(1,(MAX(Subject!R:R))),Subject!$B:$B,0),3))))} | T4: {=IF(NOW()>BE4,"",IF(AND((WEEKDAY($A4)+$B$2)>1,((WEEKDAY($A4)+$T$2)<7)),"work",(INDEX(Subject!$A:$I,MATCH(RANDBETWEEN(1,(MAX(Subject!S:S))),Subject!$B:$B,0),3))))} | U4: {=INDEX(Subject!$A:$I,MATCH(RANDBETWEEN(1,16),Subject!$B:$B,0),3)} -> #N/A | V4: {=INDEX(Subject!$A:$I,MATCH(RANDBETWEEN(1,16),Subject!$B:$B,0),3)} -> #N/A | W4: {=INDEX(Subject!$A:$I,MATCH(RANDBETWEEN(1,16),Subject!$B:$B,0),3)} -> #N/A | X4: {=INDEX(Subject!$A:$I,MATCH(RANDBETWEEN(1,16),Subject!$B:$B,0),3)} -> #N/A | Y4: {=INDEX(Subject!$A:$I,MATCH(RANDBETWEEN(1,16),Subject!$B:$B,0),3)} -> #N/A | Z4: {=INDEX(Subject!$A:$I,MATCH(RANDBETWEEN(1,16),Subject!$B:$B,0),3)} -> #N/A | AA4: {=INDEX(Subject!$A:$I,MATCH(RANDBETWEEN(1,16),Subject!$B:$B,0),3)} -> #N/A | AB4: {=INDEX(Subject!$A:$I,MATCH(RANDBETWEEN(1,16),Subject!$B:$B,0),3)} -> #N/A | ... AL4: {=INDEX(Subject!$A:$I,MATCH(RANDBETWEEN(1,16),Subject!$B:$B,0),3)} -> #N/A | AM4: =A4+B$1 -> 45504.333 | AN4: =$A4+C$1 -> 45504.354 | AO4: =$A4+D$1 -> 45504.375 | AP4: =$A4+E$1 -> 45504.396 | AQ4: =$A4+F$1 -> 45504.417 | AR4: =$A4+G$1 -> 45504.438 | AS4: =$A4+H$1 -> 45504.458 | AT4: =$A4+I$1 -> 45504.479 | AU4: =$A4+J$1 -> 45504.5 | ... BZ4: =$A4+AO$1 -> 45504
A5: 45505 | B5: {=IF(NOW()>AM5,"",IF(AND((WEEKDAY($A5)+$B$2)>1,((WEEKDAY($A5)+$T$2)<7)),"work",(INDEX(Subject!$A:$I,MATCH(RANDBETWEEN(1,(MAX(Subject!$B:$B))),Subject!$B:$B,0),3))))} | C5: {=IF(NOW()>AN5,"",IF(AND((WEEKDAY($A5)+$B$2)>1,((WEEKDAY($A5)+$T$2)<7)),"work",(INDEX(Subject!$A:$I,MATCH(RANDBETWEEN(1,(MAX(Subject!$B:$B))),Subject!$B:$B,0),3))))} | D5: {=IF(NOW()>AO5,"",IF(AND((WEEKDAY($A5)+$B$2)>1,((WEEKDAY($A5)+$T$2)<7)),"work",(INDEX(Subject!$A:$I,MATCH(RANDBETWEEN(1,(MAX(Subject!$B:$B))),Subject!$B:$B,0),3))))} | E5: {=IF(NOW()>AP5,"",IF(AND((WEEKDAY($A5)+$B$2)>1,((WEEKDAY($A5)+$T$2)<7)),"work",(INDEX(Subject!$A:$I,MATCH(RANDBETWEEN(1,(MAX(Subject!$B:$B))),Subject!$B:$B,0),3))))} | F5: {=IF(NOW()>AQ5,"",IF(AND((WEEKDAY($A5)+$B$2)>1,((WEEKDAY($A5)+$T$2)<7)),"work",(INDEX(Subject!$A:$I,MATCH(RANDBETWEEN(1,(MAX(Subject!$B:$B))),Subject!$B:$B,0),3))))} | G5: {=IF(NOW()>AR5,"",IF(AND((WEEKDAY($A5)+$B$2)>1,((WEEKDAY($A5)+$T$2)<7)),"work",(INDEX(Subject!$A:$I,MATCH(RANDBETWEEN(1,(MAX(Subject!$B:$B))),Subject!$B:$B,0),3))))} | H5: {=IF(NOW()>AS5,"",IF(AND((WEEKDAY($A5)+$B$2)>1,((WEEKDAY($A5)+$T$2)<7)),"work",(INDEX(Subject!$A:$I,MATCH(RANDBETWEEN(1,(MAX(Subject!$B:$B))),Subject!$B:$B,0),3))))} | I5: {=IF(NOW()>AT5,"",IF(AND((WEEKDAY($A5)+$B$2)>1,((WEEKDAY($A5)+$T$2)<7)),"work",(INDEX(Subject!$A:$I,MATCH(RANDBETWEEN(1,(MAX(Subject!$B:$B))),Subject!$B:$B,0),3))))} | ... T5: {=IF(NOW()>BE5,"",IF(AND((WEEKDAY($A5)+$B$2)>1,((WEEKDAY($A5)+$T$2)<7)),"work",(INDEX(Subject!$A:$I,MATCH(RANDBETWEEN(1,(MAX(Subject!$B:$B))),Subject!$B:$B,0),3))))} | U5: {=INDEX(Subject!$A:$I,MATCH(RANDBETWEEN(1,16),Subject!$B:$B,0),3)} | V5: {=INDEX(Subject!$A:$I,MATCH(RANDBETWEEN(1,16),Subject!$B:$B,0),3)} -> #N/A | W5: {=INDEX(Subject!$A:$I,MATCH(RANDBETWEEN(1,16),Subject!$B:$B,0),3)} | X5: {=INDEX(Subject!$A:$I,MATCH(RANDBETWEEN(1,16),Subject!$B:$B,0),3)} -> #N/A | Y5: {=INDEX(Subject!$A:$I,MATCH(RANDBETWEEN(1,16),Subject!$B:$B,0),3)} -> #N/A | Z5: {=INDEX(Subject!$A:$I,MATCH(RANDBETWEEN(1,16),Subject!$B:$B,0),3)} -> #N/A | AA5: {=INDEX(Subject!$A:$I,MATCH(RANDBETWEEN(1,16),Subject!$B:$B,0),3)} -> #N/A | AB5: {=INDEX(Subject!$A:$I,MATCH(RANDBETWEEN(1,16),Subject!$B:$B,0),3)} -> #N/A | ... AL5: {=INDEX(Subject!$A:$I,MATCH(RANDBETWEEN(1,16),Subject!$B:$B,0),3)} -> #N/A | AM5: =A5+B$1 -> 45505.333 | AN5: =$A5+C$1 -> 45505.354 | AO5: =$A5+D$1 -> 45505.375 | AP5: =$A5+E$1 -> 45505.396 | AQ5: =$A5+F$1 -> 45505.417 | AR5: =$A5+G$1 -> 45505.438 | AS5: =$A5+H$1 -> 45505.458 | AT5: =$A5+I$1 -> 45505.479 | AU5: =$A5+J$1 -> 45505.5 | ... BZ5: =$A5+AO$1 -> 45505
A6: 45506 | B6: {=IF(NOW()>AM6,"",IF(AND((WEEKDAY($A6)+$B$2)>1,((WEEKDAY($A6)+$T$2)<7)),"work",(INDEX(Subject!$A:$I,MATCH(RANDBETWEEN(1,(MAX(Subject!$B:$B))),Subject!$B:$B,0),3))))} | C6: {=IF(NOW()>AN6,"",IF(AND((WEEKDAY($A6)+$B$2)>1,((WEEKDAY($A6)+$T$2)<7)),"work",(INDEX(Subject!$A:$I,MATCH(RANDBETWEEN(1,(MAX(Subject!$B:$B))),Subject!$B:$B,0),3))))} | D6: {=IF(NOW()>AO6,"",IF(AND((WEEKDAY($A6)+$B$2)>1,((WEEKDAY($A6)+$T$2)<7)),"work",(INDEX(Subject!$A:$I,MATCH(RANDBETWEEN(1,(MAX(Subject!$B:$B))),Subject!$B:$B,0),3))))} | E6: {=IF(NOW()>AP6,"",IF(AND((WEEKDAY($A6)+$B$2)>1,((WEEKDAY($A6)+$T$2)<7)),"work",(INDEX(Subject!$A:$I,MATCH(RANDBETWEEN(1,(MAX(Subject!$B:$B))),Subject!$B:$B,0),3))))} | F6: {=IF(NOW()>AQ6,"",IF(AND((WEEKDAY($A6)+$B$2)>1,((WEEKDAY($A6)+$T$2)<7)),"work",(INDEX(Subject!$A:$I,MATCH(RANDBETWEEN(1,(MAX(Subject!$B:$B))),Subject!$B:$B,0),3))))} | G6: {=IF(NOW()>AR6,"",IF(AND((WEEKDAY($A6)+$B$2)>1,((WEEKDAY($A6)+$T$2)<7)),"work",(INDEX(Subject!$A:$I,MATCH(RANDBETWEEN(1,(MAX(Subject!$B:$B))),Subject!$B:$B,0),3))))} | H6: {=IF(NOW()>AS6,"",IF(AND((WEEKDAY($A6)+$B$2)>1,((WEEKDAY($A6)+$T$2)<7)),"work",(INDEX(Subject!$A:$I,MATCH(RANDBETWEEN(1,(MAX(Subject!$B:$B))),Subject!$B:$B,0),3))))} | I6: {=IF(NOW()>AT6,"",IF(AND((WEEKDAY($A6)+$B$2)>1,((WEEKDAY($A6)+$T$2)<7)),"work",(INDEX(Subject!$A:$I,MATCH(RANDBETWEEN(1,(MAX(Subject!$B:$B))),Subject!$B:$B,0),3))))} | ... T6: {=IF(NOW()>BE6,"",IF(AND((WEEKDAY($A6)+$B$2)>1,((WEEKDAY($A6)+$T$2)<7)),"work",(INDEX(Subject!$A:$I,MATCH(RANDBETWEEN(1,(MAX(Subject!$B:$B))),Subject!$B:$B,0),3))))} | U6: {=INDEX(Subject!$A:$I,MATCH(RANDBETWEEN(1,16),Subject!$B:$B,0),3)} -> #N/A | V6: {=INDEX(Subject!$A:$I,MATCH(RANDBETWEEN(1,16),Subject!$B:$B,0),3)} -> #N/A | W6: {=INDEX(Subject!$A:$I,MATCH(RANDBETWEEN(1,16),Subject!$B:$B,0),3)} -> #N/A | X6: {=INDEX(Subject!$A:$I,MATCH(RANDBETWEEN(1,16),Subject!$B:$B,0),3)} -> #N/A | Y6: {=INDEX(Subject!$A:$I,MATCH(RANDBETWEEN(1,16),Subject!$B:$B,0),3)} -> #N/A | Z6: {=INDEX(Subject!$A:$I,MATCH(RANDBETWEEN(1,16),Subject!$B:$B,0),3)} -> #N/A | AA6: {=INDEX(Subject!$A:$I,MATCH(RANDBETWEEN(1,16),Subject!$B:$B,0),3)} -> #N/A | AB6: {=INDEX(Subject!$A:$I,MATCH(RANDBETWEEN(1,16),Subject!$B:$B,0),3)} -> #N/A | ... AL6: {=INDEX(Subject!$A:$I,MATCH(RANDBETWEEN(1,16),Subject!$B:$B,0),3)} -> #N/A | AM6: =A6+B$1 -> 45506.333 | AN6: =$A6+C$1 -> 45506.354 | AO6: =$A6+D$1 -> 45506.375 | AP6: =$A6+E$1 -> 45506.396 | AQ6: =$A6+F$1 -> 45506.417 | AR6: =$A6+G$1 -> 45506.438 | AS6: =$A6+H$1 -> 45506.458 | AT6: =$A6+I$1 -> 45506.479 | AU6: =$A6+J$1 -> 45506.5 | ... BZ6: =$A6+AO$1 -> 45506
A7: 45507 | B7: {=IF(NOW()>AM7,"",IF(AND((WEEKDAY($A7)+$B$2)>1,((WEEKDAY($A7)+$T$2)<7)),"work",(INDEX(Subject!$A:$I,MATCH(RANDBETWEEN(1,(MAX(Subject!$B:$B))),Subject!$B:$B,0),3))))} | C7: {=IF(NOW()>AN7,"",IF(AND((WEEKDAY($A7)+$B$2)>1,((WEEKDAY($A7)+$T$2)<7)),"work",(INDEX(Subject!$A:$I,MATCH(RANDBETWEEN(1,(MAX(Subject!$B:$B))),Subject!$B:$B,0),3))))} | D7: {=IF(NOW()>AO7,"",IF(AND((WEEKDAY($A7)+$B$2)>1,((WEEKDAY($A7)+$T$2)<7)),"work",(INDEX(Subject!$A:$I,MATCH(RANDBETWEEN(1,(MAX(Subject!$B:$B))),Subject!$B:$B,0),3))))} | E7: {=IF(NOW()>AP7,"",IF(AND((WEEKDAY($A7)+$B$2)>1,((WEEKDAY($A7)+$T$2)<7)),"work",(INDEX(Subject!$A:$I,MATCH(RANDBETWEEN(1,(MAX(Subject!$B:$B))),Subject!$B:$B,0),3))))} | F7: {=IF(NOW()>AQ7,"",IF(AND((WEEKDAY($A7)+$B$2)>1,((WEEKDAY($A7)+$T$2)<7)),"work",(INDEX(Subject!$A:$I,MATCH(RANDBETWEEN(1,(MAX(Subject!$B:$B))),Subject!$B:$B,0),3))))} | G7: {=IF(NOW()>AR7,"",IF(AND((WEEKDAY($A7)+$B$2)>1,((WEEKDAY($A7)+$T$2)<7)),"work",(INDEX(Subject!$A:$I,MATCH(RANDBETWEEN(1,(MAX(Subject!$B:$B))),Subject!$B:$B,0),3))))} | H7: {=IF(NOW()>AS7,"",IF(AND((WEEKDAY($A7)+$B$2)>1,((WEEKDAY($A7)+$T$2)<7)),"work",(INDEX(Subject!$A:$I,MATCH(RANDBETWEEN(1,(MAX(Subject!$B:$B))),Subject!$B:$B,0),3))))} | I7: {=IF(NOW()>AT7,"",IF(AND((WEEKDAY($A7)+$B$2)>1,((WEEKDAY($A7)+$T$2)<7)),"work",(INDEX(Subject!$A:$I,MATCH(RANDBETWEEN(1,(MAX(Subject!$B:$B))),Subject!$B:$B,0),3))))} | ... T7: {=IF(NOW()>BE7,"",IF(AND((WEEKDAY($A7)+$B$2)>1,((WEEKDAY($A7)+$T$2)<7)),"work",(INDEX(Subject!$A:$I,MATCH(RANDBETWEEN(1,(MAX(Subject!$B:$B))),Subject!$B:$B,0),3))))} | U7: {=INDEX(Subject!$A:$I,MATCH(RANDBETWEEN(1,16),Subject!$B:$B,0),3)} -> #N/A | V7: {=INDEX(Subject!$A:$I,MATCH(RANDBETWEEN(1,16),Subject!$B:$B,0),3)} -> #N/A | W7: {=INDEX(Subject!$A:$I,MATCH(RANDBETWEEN(1,16),Subject!$B:$B,0),3)} -> #N/A | X7: {=INDEX(Subject!$A:$I,MATCH(RANDBETWEEN(1,16),Subject!$B:$B,0),3)} -> #N/A | Y7: {=INDEX(Subject!$A:$I,MATCH(RANDBETWEEN(1,16),Subject!$B:$B,0),3)} -> #N/A | Z7: {=INDEX(Subject!$A:$I,MATCH(RANDBETWEEN(1,16),Subject!$B:$B,0),3)} -> #N/A | AA7: {=INDEX(Subject!$A:$I,MATCH(RANDBETWEEN(1,16),Subject!$B:$B,0),3)} -> #N/A | AB7: {=INDEX(Subject!$A:$I,MATCH(RANDBETWEEN(1,16),Subject!$B:$B,0),3)} -> #N/A | ... AL7: {=INDEX(Subject!$A:$I,MATCH(RANDBETWEEN(1,16),Subject!$B:$B,0),3)} -> #N/A | AM7: =A7+B$1 -> 45507.333 | AN7: =$A7+C$1 -> 45507.354 | AO7: =$A7+D$1 -> 45507.375 | AP7: =$A7+E$1 -> 45507.396 | AQ7: =$A7+F$1 -> 45507.417 | AR7: =$A7+G$1 -> 45507.438 | AS7: =$A7+H$1 -> 45507.458 | AT7: =$A7+I$1 -> 45507.479 | AU7: =$A7+J$1 -> 45507.5 | ... BZ7: =$A7+AO$1 -> 45507
A8: 45508 | B8: {=IF(NOW()>AM8,"",IF(AND((WEEKDAY($A8)+$B$2)>1,((WEEKDAY($A8)+$T$2)<7),(WEEKDAY($A8)<>1)),"work",(INDEX(Subject!$A:$I,MATCH(RANDBETWEEN(1,(MAX(Subject!$B:$B))),Subject!$B:$B,0),3))))} | C8: {=IF(NOW()>AN8,"",IF(AND((WEEKDAY($A8)+$B$2)>1,((WEEKDAY($A8)+$T$2)<7),(WEEKDAY($A8)<>1)),"work",(INDEX(Subject!$A:$I,MATCH(RANDBETWEEN(1,(MAX(Subject!$B:$B))),Subject!$B:$B,0),3))))} | D8: {=IF(NOW()>AO8,"",IF(AND((WEEKDAY($A8)+$B$2)>1,((WEEKDAY($A8)+$T$2)<7),(WEEKDAY($A8)<>1)),"work",(INDEX(Subject!$A:$I,MATCH(RANDBETWEEN(1,(MAX(Subject!$B:$B))),Subject!$B:$B,0),3))))} | E8: {=IF(NOW()>AP8,"",IF(AND((WEEKDAY($A8)+$B$2)>1,((WEEKDAY($A8)+$T$2)<7),(WEEKDAY($A8)<>1)),"work",(INDEX(Subject!$A:$I,MATCH(RANDBETWEEN(1,(MAX(Subject!$B:$B))),Subject!$B:$B,0),3))))} | F8: {=IF(NOW()>AQ8,"",IF(AND((WEEKDAY($A8)+$B$2)>1,((WEEKDAY($A8)+$T$2)<7),(WEEKDAY($A8)<>1)),"work",(INDEX(Subject!$A:$I,MATCH(RANDBETWEEN(1,(MAX(Subject!$B:$B))),Subject!$B:$B,0),3))))} | G8: {=IF(NOW()>AR8,"",IF(AND((WEEKDAY($A8)+$B$2)>1,((WEEKDAY($A8)+$T$2)<7),(WEEKDAY($A8)<>1)),"work",(INDEX(Subject!$A:$I,MATCH(RANDBETWEEN(1,(MAX(Subject!$B:$B))),Subject!$B:$B,0),3))))} | H8: {=IF(NOW()>AS8,"",IF(AND((WEEKDAY($A8)+$B$2)>1,((WEEKDAY($A8)+$T$2)<7),(WEEKDAY($A8)<>1)),"work",(INDEX(Subject!$A:$I,MATCH(RANDBETWEEN(1,(MAX(Subject!$B:$B))),Subject!$B:$B,0),3))))} | I8: {=IF(NOW()>AT8,"",IF(AND((WEEKDAY($A8)+$B$2)>1,((WEEKDAY($A8)+$T$2)<7),(WEEKDAY($A8)<>1)),"work",(INDEX(Subject!$A:$I,MATCH(RANDBETWEEN(1,(MAX(Subject!$B:$B))),Subject!$B:$B,0),3))))} | ... T8: {=IF(NOW()>BE8,"",IF(AND((WEEKDAY($A8)+$B$2)>1,((WEEKDAY($A8)+$T$2)<7),(WEEKDAY($A8)<>1)),"work",(INDEX(Subject!$A:$I,MATCH(RANDBETWEEN(1,(MAX(Subject!$B:$B))),Subject!$B:$B,0),3))))} | U8: {=INDEX(Subject!$A:$I,MATCH(RANDBETWEEN(1,16),Subject!$B:$B,0),3)} -> #N/A | V8: {=INDEX(Subject!$A:$I,MATCH(RANDBETWEEN(1,16),Subject!$B:$B,0),3)} -> #N/A | W8: {=INDEX(Subject!$A:$I,MATCH(RANDBETWEEN(1,16),Subject!$B:$B,0),3)} -> #N/A | X8: {=INDEX(Subject!$A:$I,MATCH(RANDBETWEEN(1,16),Subject!$B:$B,0),3)} -> #N/A | Y8: {=INDEX(Subject!$A:$I,MATCH(RANDBETWEEN(1,16),Subject!$B:$B,0),3)} -> #N/A | Z8: {=INDEX(Subject!$A:$I,MATCH(RANDBETWEEN(1,16),Subject!$B:$B,0),3)} -> #N/A | AA8: {=INDEX(Subject!$A:$I,MATCH(RANDBETWEEN(1,16),Subject!$B:$B,0),3)} -> #N/A | AB8: {=INDEX(Subject!$A:$I,MATCH(RANDBETWEEN(1,16),Subject!$B:$B,0),3)} -> #N/A | ... AL8: {=INDEX(Subject!$A:$I,MATCH(RANDBETWEEN(1,16),Subject!$B:$B,0),3)} -> #N/A | AM8: =A8+B$1 -> 45508.333 | AN8: =$A8+C$1 -> 45508.354 | AO8: =$A8+D$1 -> 45508.375 | AP8: =$A8+E$1 -> 45508.396 | AQ8: =$A8+F$1 -> 45508.417 | AR8: =$A8+G$1 -> 45508.438 | AS8: =$A8+H$1 -> 45508.458 | AT8: =$A8+I$1 -> 45508.479 | AU8: =$A8+J$1 -> 45508.5 | ... BZ8: =$A8+AO$1 -> 45508
A9: 45509 | B9: {=IF(NOW()>AM9,"",IF(AND((WEEKDAY($A9)+$B$2)>1,((WEEKDAY($A9)+$T$2)<7),(WEEKDAY($A9)<>1)),"work",(INDEX(Subject!$A:$I,MATCH(RANDBETWEEN(1,(MAX(Subject!$B:$B))),Subject!$B:$B,0),3))))} | C9: {=IF(NOW()>AN9,"",IF(AND((WEEKDAY($A9)+$B$2)>1,((WEEKDAY($A9)+$T$2)<7),(WEEKDAY($A9)<>1)),"work",(INDEX(Subject!$A:$I,MATCH(RANDBETWEEN(1,(MAX(Subject!$B:$B))),Subject!$B:$B,0),3))))} | D9: {=IF(NOW()>AO9,"",IF(AND((WEEKDAY($A9)+$B$2)>1,((WEEKDAY($A9)+$T$2)<7),(WEEKDAY($A9)<>1)),"work",(INDEX(Subject!$A:$I,MATCH(RANDBETWEEN(1,(MAX(Subject!$B:$B))),Subject!$B:$B,0),3))))} | E9: {=IF(NOW()>AP9,"",IF(AND((WEEKDAY($A9)+$B$2)>1,((WEEKDAY($A9)+$T$2)<7),(WEEKDAY($A9)<>1)),"work",(INDEX(Subject!$A:$I,MATCH(RANDBETWEEN(1,(MAX(Subject!$B:$B))),Subject!$B:$B,0),3))))} | F9: {=IF(NOW()>AQ9,"",IF(AND((WEEKDAY($A9)+$B$2)>1,((WEEKDAY($A9)+$T$2)<7),(WEEKDAY($A9)<>1)),"work",(INDEX(Subject!$A:$I,MATCH(RANDBETWEEN(1,(MAX(Subject!$B:$B))),Subject!$B:$B,0),3))))} | G9: {=IF(NOW()>AR9,"",IF(AND((WEEKDAY($A9)+$B$2)>1,((WEEKDAY($A9)+$T$2)<7),(WEEKDAY($A9)<>1)),"work",(INDEX(Subject!$A:$I,MATCH(RANDBETWEEN(1,(MAX(Subject!$B:$B))),Subject!$B:$B,0),3))))} | H9: {=IF(NOW()>AS9,"",IF(AND((WEEKDAY($A9)+$B$2)>1,((WEEKDAY($A9)+$T$2)<7),(WEEKDAY($A9)<>1)),"work",(INDEX(Subject!$A:$I,MATCH(RANDBETWEEN(1,(MAX(Subject!$B:$B))),Subject!$B:$B,0),3))))} | I9: {=IF(NOW()>AT9,"",IF(AND((WEEKDAY($A9)+$B$2)>1,((WEEKDAY($A9)+$T$2)<7),(WEEKDAY($A9)<>1)),"work",(INDEX(Subject!$A:$I,MATCH(RANDBETWEEN(1,(MAX(Subject!$B:$B))),Subject!$B:$B,0),3))))} | ... T9: {=IF(NOW()>BE9,"",IF(AND((WEEKDAY($A9)+$B$2)>1,((WEEKDAY($A9)+$T$2)<7),(WEEKDAY($A9)<>1)),"work",(INDEX(Subject!$A:$I,MATCH(RANDBETWEEN(1,(MAX(Subject!$B:$B))),Subject!$B:$B,0),3))))} | U9: {=INDEX(Subject!$A:$I,MATCH(RANDBETWEEN(1,16),Subject!$B:$B,0),3)} -> #N/A | V9: {=INDEX(Subject!$A:$I,MATCH(RANDBETWEEN(1,16),Subject!$B:$B,0),3)} -> #N/A | W9: {=INDEX(Subject!$A:$I,MATCH(RANDBETWEEN(1,16),Subject!$B:$B,0),3)} -> #N/A | X9: {=INDEX(Subject!$A:$I,MATCH(RANDBETWEEN(1,16),Subject!$B:$B,0),3)} -> #N/A | Y9: {=INDEX(Subject!$A:$I,MATCH(RANDBETWEEN(1,16),Subject!$B:$B,0),3)} -> #N/A | Z9: {=INDEX(Subject!$A:$I,MATCH(RANDBETWEEN(1,16),Subject!$B:$B,0),3)} -> #N/A | AA9: {=INDEX(Subject!$A:$I,MATCH(RANDBETWEEN(1,16),Subject!$B:$B,0),3)} -> #N/A | AB9: {=INDEX(Subject!$A:$I,MATCH(RANDBETWEEN(1,16),Subject!$B:$B,0),3)} -> #N/A | ... AL9: {=INDEX(Subject!$A:$I,MATCH(RANDBETWEEN(1,16),Subject!$B:$B,0),3)} -> #N/A | AM9: =A9+B$1 -> 45509.333 | AN9: =$A9+C$1 -> 45509.354 | AO9: =$A9+D$1 -> 45509.375 | AP9: =$A9+E$1 -> 45509.396 | AQ9: =$A9+F$1 -> 45509.417 | AR9: =$A9+G$1 -> 45509.438 | AS9: =$A9+H$1 -> 45509.458 | AT9: =$A9+I$1 -> 45509.479 | AU9: =$A9+J$1 -> 45509.5 | ... BZ9: =$A9+AO$1 -> 45509
A10: 45510 | B10: {=IF(NOW()>AM10,"",IF(AND((WEEKDAY($A10)+$B$2)>1,((WEEKDAY($A10)+$T$2)<7),(WEEKDAY($A10)<>1)),"work",(INDEX(Subject!$A:$I,MATCH(RANDBETWEEN(1,(MAX(Subject!$B:$B))),Subject!$B:$B,0),3))))} | C10: {=IF(NOW()>AN10,"",IF(AND((WEEKDAY($A10)+$B$2)>1,((WEEKDAY($A10)+$T$2)<7),(WEEKDAY($A10)<>1)),"work",(INDEX(Subject!$A:$I,MATCH(RANDBETWEEN(1,(MAX(Subject!$B:$B))),Subject!$B:$B,0),3))))} | D10: {=IF(NOW()>AO10,"",IF(AND((WEEKDAY($A10)+$B$2)>1,((WEEKDAY($A10)+$T$2)<7),(WEEKDAY($A10)<>1)),"work",(INDEX(Subject!$A:$I,MATCH(RANDBETWEEN(1,(MAX(Subject!$B:$B))),Subject!$B:$B,0),3))))} | E10: {=IF(NOW()>AP10,"",IF(AND((WEEKDAY($A10)+$B$2)>1,((WEEKDAY($A10)+$T$2)<7),(WEEKDAY($A10)<>1)),"work",(INDEX(Subject!$A:$I,MATCH(RANDBETWEEN(1,(MAX(Subject!$B:$B))),Subject!$B:$B,0),3))))} | F10: {=IF(NOW()>AQ10,"",IF(AND((WEEKDAY($A10)+$B$2)>1,((WEEKDAY($A10)+$T$2)<7),(WEEKDAY($A10)<>1)),"work",(INDEX(Subject!$A:$I,MATCH(RANDBETWEEN(1,(MAX(Subject!$B:$B))),Subject!$B:$B,0),3))))} | G10: {=IF(NOW()>AR10,"",IF(AND((WEEKDAY($A10)+$B$2)>1,((WEEKDAY($A10)+$T$2)<7),(WEEKDAY($A10)<>1)),"work",(INDEX(Subject!$A:$I,MATCH(RANDBETWEEN(1,(MAX(Subject!$B:$B))),Subject!$B:$B,0),3))))} | H10: {=IF(NOW()>AS10,"",IF(AND((WEEKDAY($A10)+$B$2)>1,((WEEKDAY($A10)+$T$2)<7),(WEEKDAY($A10)<>1)),"work",(INDEX(Subject!$A:$I,MATCH(RANDBETWEEN(1,(MAX(Subject!$B:$B))),Subject!$B:$B,0),3))))} | I10: {=IF(NOW()>AT10,"",IF(AND((WEEKDAY($A10)+$B$2)>1,((WEEKDAY($A10)+$T$2)<7),(WEEKDAY($A10)<>1)),"work",(INDEX(Subject!$A:$I,MATCH(RANDBETWEEN(1,(MAX(Subject!$B:$B))),Subject!$B:$B,0),3))))} | ... T10: {=IF(NOW()>BE10,"",IF(AND((WEEKDAY($A10)+$B$2)>1,((WEEKDAY($A10)+$T$2)<7),(WEEKDAY($A10)<>1)),"work",(INDEX(Subject!$A:$I,MATCH(RANDBETWEEN(1,(MAX(Subject!$B:$B))),Subject!$B:$B,0),3))))} | U10: {=INDEX(Subject!$A:$I,MATCH(RANDBETWEEN(1,16),Subject!$B:$B,0),3)} -> #N/A | V10: {=INDEX(Subject!$A:$I,MATCH(RANDBETWEEN(1,16),Subject!$B:$B,0),3)} -> #N/A | W10: {=INDEX(Subject!$A:$I,MATCH(RANDBETWEEN(1,16),Subject!$B:$B,0),3)} -> #N/A | X10: {=INDEX(Subject!$A:$I,MATCH(RANDBETWEEN(1,16),Subject!$B:$B,0),3)} -> #N/A | Y10: {=INDEX(Subject!$A:$I,MATCH(RANDBETWEEN(1,16),Subject!$B:$B,0),3)} -> #N/A | Z10: {=INDEX(Subject!$A:$I,MATCH(RANDBETWEEN(1,16),Subject!$B:$B,0),3)} -> #N/A | AA10: {=INDEX(Subject!$A:$I,MATCH(RANDBETWEEN(1,16),Subject!$B:$B,0),3)} -> #N/A | AB10: {=INDEX(Subject!$A:$I,MATCH(RANDBETWEEN(1,16),Subject!$B:$B,0),3)} -> #N/A | ... AL10: {=INDEX(Subject!$A:$I,MATCH(RANDBETWEEN(1,16),Subject!$B:$B,0),3)} -> #N/A | AM10: =A10+B$1 -> 45510.333 | AN10: =$A10+C$1 -> 45510.354 | AO10: =$A10+D$1 -> 45510.375 | AP10: =$A10+E$1 -> 45510.396 | AQ10: =$A10+F$1 -> 45510.417 | AR10: =$A10+G$1 -> 45510.438 | AS10: =$A10+H$1 -> 45510.458 | AT10: =$A10+I$1 -> 45510.479 | AU10: =$A10+J$1 -> 45510.5 | ... BZ10: =$A10+AO$1 -> 45510
A11: 45511 | B11: {=IF(NOW()>AM11,"",IF(AND((WEEKDAY($A11)+$B$2)>1,((WEEKDAY($A11)+$T$2)<7),(WEEKDAY($A11)<>1)),"work",(INDEX(Subject!$A:$I,MATCH(RANDBETWEEN(1,(MAX(Subject!$B:$B))),Subject!$B:$B,0),3))))} | C11: {=IF(NOW()>AN11,"",IF(AND((WEEKDAY($A11)+$B$2)>1,((WEEKDAY($A11)+$T$2)<7),(WEEKDAY($A11)<>1)),"work",(INDEX(Subject!$A:$I,MATCH(RANDBETWEEN(1,(MAX(Subject!$B:$B))),Subject!$B:$B,0),3))))} | D11: {=IF(NOW()>AO11,"",IF(AND((WEEKDAY($A11)+$B$2)>1,((WEEKDAY($A11)+$T$2)<7),(WEEKDAY($A11)<>1)),"work",(INDEX(Subject!$A:$I,MATCH(RANDBETWEEN(1,(MAX(Subject!$B:$B))),Subject!$B:$B,0),3))))} | E11: {=IF(NOW()>AP11,"",IF(AND((WEEKDAY($A11)+$B$2)>1,((WEEKDAY($A11)+$T$2)<7),(WEEKDAY($A11)<>1)),"work",(INDEX(Subject!$A:$I,MATCH(RANDBETWEEN(1,(MAX(Subject!$B:$B))),Subject!$B:$B,0),3))))} | F11: {=IF(NOW()>AQ11,"",IF(AND((WEEKDAY($A11)+$B$2)>1,((WEEKDAY($A11)+$T$2)<7),(WEEKDAY($A11)<>1)),"work",(INDEX(Subject!$A:$I,MATCH(RANDBETWEEN(1,(MAX(Subject!$B:$B))),Subject!$B:$B,0),3))))} | G11: {=IF(NOW()>AR11,"",IF(AND((WEEKDAY($A11)+$B$2)>1,((WEEKDAY($A11)+$T$2)<7),(WEEKDAY($A11)<>1)),"work",(INDEX(Subject!$A:$I,MATCH(RANDBETWEEN(1,(MAX(Subject!$B:$B))),Subject!$B:$B,0),3))))} | H11: {=IF(NOW()>AS11,"",IF(AND((WEEKDAY($A11)+$B$2)>1,((WEEKDAY($A11)+$T$2)<7),(WEEKDAY($A11)<>1)),"work",(INDEX(Subject!$A:$I,MATCH(RANDBETWEEN(1,(MAX(Subject!$B:$B))),Subject!$B:$B,0),3))))} | I11: {=IF(NOW()>AT11,"",IF(AND((WEEKDAY($A11)+$B$2)>1,((WEEKDAY($A11)+$T$2)<7),(WEEKDAY($A11)<>1)),"work",(INDEX(Subject!$A:$I,MATCH(RANDBETWEEN(1,(MAX(Subject!$B:$B))),Subject!$B:$B,0),3))))} | ... T11: {=IF(NOW()>BE11,"",IF(AND((WEEKDAY($A11)+$B$2)>1,((WEEKDAY($A11)+$T$2)<7),(WEEKDAY($A11)<>1)),"work",(INDEX(Subject!$A:$I,MATCH(RANDBETWEEN(1,(MAX(Subject!$B:$B))),Subject!$B:$B,0),3))))} | U11: {=INDEX(Subject!$A:$I,MATCH(RANDBETWEEN(1,16),Subject!$B:$B,0),3)} -> #N/A | V11: {=INDEX(Subject!$A:$I,MATCH(RANDBETWEEN(1,16),Subject!$B:$B,0),3)} | W11: {=INDEX(Subject!$A:$I,MATCH(RANDBETWEEN(1,16),Subject!$B:$B,0),3)} -> #N/A | X11: {=INDEX(Subject!$A:$I,MATCH(RANDBETWEEN(1,16),Subject!$B:$B,0),3)} -> #N/A | Y11: {=INDEX(Subject!$A:$I,MATCH(RANDBETWEEN(1,16),Subject!$B:$B,0),3)} -> #N/A | Z11: {=INDEX(Subject!$A:$I,MATCH(RANDBETWEEN(1,16),Subject!$B:$B,0),3)} -> #N/A | AA11: {=INDEX(Subject!$A:$I,MATCH(RANDBETWEEN(1,16),Subject!$B:$B,0),3)} | AB11: {=INDEX(Subject!$A:$I,MATCH(RANDBETWEEN(1,16),Subject!$B:$B,0),3)} -> #N/A | ... AL11: {=INDEX(Subject!$A:$I,MATCH(RANDBETWEEN(1,16),Subject!$B:$B,0),3)} -> #N/A | AM11: =A11+B$1 -> 45511.333 | AN11: =$A11+C$1 -> 45511.354 | AO11: =$A11+D$1 -> 45511.375 | AP11: =$A11+E$1 -> 45511.396 | AQ11: =$A11+F$1 -> 45511.417 | AR11: =$A11+G$1 -> 45511.438 | AS11: =$A11+H$1 -> 45511.458 | AT11: =$A11+I$1 -> 45511.479 | AU11: =$A11+J$1 -> 45511.5 | ... BZ11: =$A11+AO$1 -> 45511
A12: 45512 | B12: {=IF(NOW()>AM12,"",IF(AND((WEEKDAY($A12)+$B$2)>1,((WEEKDAY($A12)+$T$2)<7),(WEEKDAY($A12)<>1)),"work",(INDEX(Subject!$A:$I,MATCH(RANDBETWEEN(1,(MAX(Subject!$B:$B))),Subject!$B:$B,0),3))))} | C12: {=IF(NOW()>AN12,"",IF(AND((WEEKDAY($A12)+$B$2)>1,((WEEKDAY($A12)+$T$2)<7),(WEEKDAY($A12)<>1)),"work",(INDEX(Subject!$A:$I,MATCH(RANDBETWEEN(1,(MAX(Subject!$B:$B))),Subject!$B:$B,0),3))))} | D12: {=IF(NOW()>AO12,"",IF(AND((WEEKDAY($A12)+$B$2)>1,((WEEKDAY($A12)+$T$2)<7),(WEEKDAY($A12)<>1)),"work",(INDEX(Subject!$A:$I,MATCH(RANDBETWEEN(1,(MAX(Subject!$B:$B))),Subject!$B:$B,0),3))))} | E12: {=IF(NOW()>AP12,"",IF(AND((WEEKDAY($A12)+$B$2)>1,((WEEKDAY($A12)+$T$2)<7),(WEEKDAY($A12)<>1)),"work",(INDEX(Subject!$A:$I,MATCH(RANDBETWEEN(1,(MAX(Subject!$B:$B))),Subject!$B:$B,0),3))))} | F12: {=IF(NOW()>AQ12,"",IF(AND((WEEKDAY($A12)+$B$2)>1,((WEEKDAY($A12)+$T$2)<7),(WEEKDAY($A12)<>1)),"work",(INDEX(Subject!$A:$I,MATCH(RANDBETWEEN(1,(MAX(Subject!$B:$B))),Subject!$B:$B,0),3))))} | G12: {=IF(NOW()>AR12,"",IF(AND((WEEKDAY($A12)+$B$2)>1,((WEEKDAY($A12)+$T$2)<7),(WEEKDAY($A12)<>1)),"work",(INDEX(Subject!$A:$I,MATCH(RANDBETWEEN(1,(MAX(Subject!$B:$B))),Subject!$B:$B,0),3))))} | H12: {=IF(NOW()>AS12,"",IF(AND((WEEKDAY($A12)+$B$2)>1,((WEEKDAY($A12)+$T$2)<7),(WEEKDAY($A12)<>1)),"work",(INDEX(Subject!$A:$I,MATCH(RANDBETWEEN(1,(MAX(Subject!$B:$B))),Subject!$B:$B,0),3))))} | I12: {=IF(NOW()>AT12,"",IF(AND((WEEKDAY($A12)+$B$2)>1,((WEEKDAY($A12)+$T$2)<7),(WEEKDAY($A12)<>1)),"work",(INDEX(Subject!$A:$I,MATCH(RANDBETWEEN(1,(MAX(Subject!$B:$B))),Subject!$B:$B,0),3))))} | ... T12: {=IF(NOW()>BE12,"",IF(AND((WEEKDAY($A12)+$B$2)>1,((WEEKDAY($A12)+$T$2)<7),(WEEKDAY($A12)<>1)),"work",(INDEX(Subject!$A:$I,MATCH(RANDBETWEEN(1,(MAX(Subject!$B:$B))),Subject!$B:$B,0),3))))} | U12: {=INDEX(Subject!$A:$I,MATCH(RANDBETWEEN(1,16),Subject!$B:$B,0),3)} -> #N/A | V12: {=INDEX(Subject!$A:$I,MATCH(RANDBETWEEN(1,16),Subject!$B:$B,0),3)} -> #N/A | W12: {=INDEX(Subject!$A:$I,MATCH(RANDBETWEEN(1,16),Subject!$B:$B,0),3)} | X12: {=INDEX(Subject!$A:$I,MATCH(RANDBETWEEN(1,16),Subject!$B:$B,0),3)} -> #N/A | Y12: {=INDEX(Subject!$A:$I,MATCH(RANDBETWEEN(1,16),Subject!$B:$B,0),3)} -> #N/A | Z12: {=INDEX(Subject!$A:$I,MATCH(RANDBETWEEN(1,16),Subject!$B:$B,0),3)} -> #N/A | AA12: {=INDEX(Subject!$A:$I,MATCH(RANDBETWEEN(1,16),Subject!$B:$B,0),3)} -> #N/A | AB12: {=INDEX(Subject!$A:$I,MATCH(RANDBETWEEN(1,16),Subject!$B:$B,0),3)} -> #N/A | ... AL12: {=INDEX(Subject!$A:$I,MATCH(RANDBETWEEN(1,16),Subject!$B:$B,0),3)} -> #N/A | AM12: =A12+B$1 -> 45512.333 | AN12: =$A12+C$1 -> 45512.354 | AO12: =$A12+D$1 -> 45512.375 | AP12: =$A12+E$1 -> 45512.396 | AQ12: =$A12+F$1 -> 45512.417 | AR12: =$A12+G$1 -> 45512.438 | AS12: =$A12+H$1 -> 45512.458 | AT12: =$A12+I$1 -> 45512.479 | AU12: =$A12+J$1 -> 45512.5 | ... BZ12: =$A12+AO$1 -> 45512
A13: 45513 | B13: {=IF(NOW()>AM13,"",IF(AND((WEEKDAY($A13)+$B$2)>1,((WEEKDAY($A13)+$T$2)<7),(WEEKDAY($A13)<>1)),"work",(INDEX(Subject!$A:$I,MATCH(RANDBETWEEN(1,(MAX(Subject!$B:$B))),Subject!$B:$B,0),3))))} | C13: {=IF(NOW()>AN13,"",IF(AND((WEEKDAY($A13)+$B$2)>1,((WEEKDAY($A13)+$T$2)<7),(WEEKDAY($A13)<>1)),"work",(INDEX(Subject!$A:$I,MATCH(RANDBETWEEN(1,(MAX(Subject!$B:$B))),Subject!$B:$B,0),3))))} | D13: {=IF(NOW()>AO13,"",IF(AND((WEEKDAY($A13)+$B$2)>1,((WEEKDAY($A13)+$T$2)<7),(WEEKDAY($A13)<>1)),"work",(INDEX(Subject!$A:$I,MATCH(RANDBETWEEN(1,(MAX(Subject!$B:$B))),Subject!$B:$B,0),3))))} | E13: {=IF(NOW()>AP13,"",IF(AND((WEEKDAY($A13)+$B$2)>1,((WEEKDAY($A13)+$T$2)<7),(WEEKDAY($A13)<>1)),"work",(INDEX(Subject!$A:$I,MATCH(RANDBETWEEN(1,(MAX(Subject!$B:$B))),Subject!$B:$B,0),3))))} | F13: {=IF(NOW()>AQ13,"",IF(AND((WEEKDAY($A13)+$B$2)>1,((WEEKDAY($A13)+$T$2)<7),(WEEKDAY($A13)<>1)),"work",(INDEX(Subject!$A:$I,MATCH(RANDBETWEEN(1,(MAX(Subject!$B:$B))),Subject!$B:$B,0),3))))} | G13: {=IF(NOW()>AR13,"",IF(AND((WEEKDAY($A13)+$B$2)>1,((WEEKDAY($A13)+$T$2)<7),(WEEKDAY($A13)<>1)),"work",(INDEX(Subject!$A:$I,MATCH(RANDBETWEEN(1,(MAX(Subject!$B:$B))),Subject!$B:$B,0),3))))} | H13: {=IF(NOW()>AS13,"",IF(AND((WEEKDAY($A13)+$B$2)>1,((WEEKDAY($A13)+$T$2)<7),(WEEKDAY($A13)<>1)),"work",(INDEX(Subject!$A:$I,MATCH(RANDBETWEEN(1,(MAX(Subject!$B:$B))),Subject!$B:$B,0),3))))} | I13: {=IF(NOW()>AT13,"",IF(AND((WEEKDAY($A13)+$B$2)>1,((WEEKDAY($A13)+$T$2)<7),(WEEKDAY($A13)<>1)),"work",(INDEX(Subject!$A:$I,MATCH(RANDBETWEEN(1,(MAX(Subject!$B:$B))),Subject!$B:$B,0),3))))} | ... T13: {=IF(NOW()>BE13,"",IF(AND((WEEKDAY($A13)+$B$2)>1,((WEEKDAY($A13)+$T$2)<7),(WEEKDAY($A13)<>1)),"work",(INDEX(Subject!$A:$I,MATCH(RANDBETWEEN(1,(MAX(Subject!$B:$B))),Subject!$B:$B,0),3))))} | U13: {=INDEX(Subject!$A:$I,MATCH(RANDBETWEEN(1,16),Subject!$B:$B,0),3)} -> #N/A | V13: {=INDEX(Subject!$A:$I,MATCH(RANDBETWEEN(1,16),Subject!$B:$B,0),3)} -> #N/A | W13: {=INDEX(Subject!$A:$I,MATCH(RANDBETWEEN(1,16),Subject!$B:$B,0),3)} -> #N/A | X13: {=INDEX(Subject!$A:$I,MATCH(RANDBETWEEN(1,16),Subject!$B:$B,0),3)} -> #N/A | Y13: {=INDEX(Subject!$A:$I,MATCH(RANDBETWEEN(1,16),Subject!$B:$B,0),3)} -> #N/A | Z13: {=INDEX(Subject!$A:$I,MATCH(RANDBETWEEN(1,16),Subject!$B:$B,0),3)} -> #N/A | AA13: {=INDEX(Subject!$A:$I,MATCH(RANDBETWEEN(1,16),Subject!$B:$B,0),3)} -> #N/A | AB13: {=INDEX(Subject!$A:$I,MATCH(RANDBETWEEN(1,16),Subject!$B:$B,0),3)} | ... AL13: {=INDEX(Subject!$A:$I,MATCH(RANDBETWEEN(1,16),Subject!$B:$B,0),3)} -> #N/A | AM13: =A13+B$1 -> 45513.333 | AN13: =$A13+C$1 -> 45513.354 | AO13: =$A13+D$1 -> 45513.375 | AP13: =$A13+E$1 -> 45513.396 | AQ13: =$A13+F$1 -> 45513.417 | AR13: =$A13+G$1 -> 45513.438 | AS13: =$A13+H$1 -> 45513.458 | AT13: =$A13+I$1 -> 45513.479 | AU13: =$A13+J$1 -> 45513.5 | ... BZ13: =$A13+AO$1 -> 45513
A14: 45514 | B14: {=IF(NOW()>AM14,"",IF(AND((WEEKDAY($A14)+$B$2)>1,((WEEKDAY($A14)+$T$2)<7),(WEEKDAY($A14)<>1)),"work",(INDEX(Subject!$A:$I,MATCH(RANDBETWEEN(1,(MAX(Subject!$B:$B))),Subject!$B:$B,0),3))))} | C14: {=IF(NOW()>AN14,"",IF(AND((WEEKDAY($A14)+$B$2)>1,((WEEKDAY($A14)+$T$2)<7),(WEEKDAY($A14)<>1)),"work",(INDEX(Subject!$A:$I,MATCH(RANDBETWEEN(1,(MAX(Subject!$B:$B))),Subject!$B:$B,0),3))))} | D14: {=IF(NOW()>AO14,"",IF(AND((WEEKDAY($A14)+$B$2)>1,((WEEKDAY($A14)+$T$2)<7),(WEEKDAY($A14)<>1)),"work",(INDEX(Subject!$A:$I,MATCH(RANDBETWEEN(1,(MAX(Subject!$B:$B))),Subject!$B:$B,0),3))))} | E14: {=IF(NOW()>AP14,"",IF(AND((WEEKDAY($A14)+$B$2)>1,((WEEKDAY($A14)+$T$2)<7),(WEEKDAY($A14)<>1)),"work",(INDEX(Subject!$A:$I,MATCH(RANDBETWEEN(1,(MAX(Subject!$B:$B))),Subject!$B:$B,0),3))))} | F14: {=IF(NOW()>AQ14,"",IF(AND((WEEKDAY($A14)+$B$2)>1,((WEEKDAY($A14)+$T$2)<7),(WEEKDAY($A14)<>1)),"work",(INDEX(Subject!$A:$I,MATCH(RANDBETWEEN(1,(MAX(Subject!$B:$B))),Subject!$B:$B,0),3))))} | G14: {=IF(NOW()>AR14,"",IF(AND((WEEKDAY($A14)+$B$2)>1,((WEEKDAY($A14)+$T$2)<7),(WEEKDAY($A14)<>1)),"work",(INDEX(Subject!$A:$I,MATCH(RANDBETWEEN(1,(MAX(Subject!$B:$B))),Subject!$B:$B,0),3))))} | H14: {=IF(NOW()>AS14,"",IF(AND((WEEKDAY($A14)+$B$2)>1,((WEEKDAY($A14)+$T$2)<7),(WEEKDAY($A14)<>1)),"work",(INDEX(Subject!$A:$I,MATCH(RANDBETWEEN(1,(MAX(Subject!$B:$B))),Subject!$B:$B,0),3))))} | I14: {=IF(NOW()>AT14,"",IF(AND((WEEKDAY($A14)+$B$2)>1,((WEEKDAY($A14)+$T$2)<7),(WEEKDAY($A14)<>1)),"work",(INDEX(Subject!$A:$I,MATCH(RANDBETWEEN(1,(MAX(Subject!$B:$B))),Subject!$B:$B,0),3))))} | ... T14: {=IF(NOW()>BE14,"",IF(AND((WEEKDAY($A14)+$B$2)>1,((WEEKDAY($A14)+$T$2)<7),(WEEKDAY($A14)<>1)),"work",(INDEX(Subject!$A:$I,MATCH(RANDBETWEEN(1,(MAX(Subject!$B:$B))),Subject!$B:$B,0),3))))} | U14: {=INDEX(Subject!$A:$I,MATCH(RANDBETWEEN(1,16),Subject!$B:$B,0),3)} -> #N/A | V14: {=INDEX(Subject!$A:$I,MATCH(RANDBETWEEN(1,16),Subject!$B:$B,0),3)} -> #N/A | W14: {=INDEX(Subject!$A:$I,MATCH(RANDBETWEEN(1,16),Subject!$B:$B,0),3)} -> #N/A | X14: {=INDEX(Subject!$A:$I,MATCH(RANDBETWEEN(1,16),Subject!$B:$B,0),3)} -> #N/A | Y14: {=INDEX(Subject!$A:$I,MATCH(RANDBETWEEN(1,16),Subject!$B:$B,0),3)} | Z14: {=INDEX(Subject!$A:$I,MATCH(RANDBETWEEN(1,16),Subject!$B:$B,0),3)} -> #N/A | AA14: {=INDEX(Subject!$A:$I,MATCH(RANDBETWEEN(1,16),Subject!$B:$B,0),3)} -> #N/A | AB14: {=INDEX(Subject!$A:$I,MATCH(RANDBETWEEN(1,16),Subject!$B:$B,0),3)} | ... AL14: {=INDEX(Subject!$A:$I,MATCH(RANDBETWEEN(1,16),Subject!$B:$B,0),3)} -> #N/A | AM14: =A14+B$1 -> 45514.333 | AN14: =$A14+C$1 -> 45514.354 | AO14: =$A14+D$1 -> 45514.375 | AP14: =$A14+E$1 -> 45514.396 | AQ14: =$A14+F$1 -> 45514.417 | AR14: =$A14+G$1 -> 45514.438 | AS14: =$A14+H$1 -> 45514.458 | AT14: =$A14+I$1 -> 45514.479 | AU14: =$A14+J$1 -> 45514.5 | ... BZ14: =$A14+AO$1 -> 45514
A15: 45515 | B15: {=IF(NOW()>AM15,"",IF(AND((WEEKDAY($A15)+$B$2)>1,((WEEKDAY($A15)+$T$2)<7),(WEEKDAY($A15)<>1)),"work",(INDEX(Subject!$A:$I,MATCH(RANDBETWEEN(1,(MAX(Subject!$B:$B))),Subject!$B:$B,0),3))))} | C15: {=IF(NOW()>AN15,"",IF(AND((WEEKDAY($A15)+$B$2)>1,((WEEKDAY($A15)+$T$2)<7),(WEEKDAY($A15)<>1)),"work",(INDEX(Subject!$A:$I,MATCH(RANDBETWEEN(1,(MAX(Subject!$B:$B))),Subject!$B:$B,0),3))))} | D15: {=IF(NOW()>AO15,"",IF(AND((WEEKDAY($A15)+$B$2)>1,((WEEKDAY($A15)+$T$2)<7),(WEEKDAY($A15)<>1)),"work",(INDEX(Subject!$A:$I,MATCH(RANDBETWEEN(1,(MAX(Subject!$B:$B))),Subject!$B:$B,0),3))))} | E15: {=IF(NOW()>AP15,"",IF(AND((WEEKDAY($A15)+$B$2)>1,((WEEKDAY($A15)+$T$2)<7),(WEEKDAY($A15)<>1)),"work",(INDEX(Subject!$A:$I,MATCH(RANDBETWEEN(1,(MAX(Subject!$B:$B))),Subject!$B:$B,0),3))))} | F15: {=IF(NOW()>AQ15,"",IF(AND((WEEKDAY($A15)+$B$2)>1,((WEEKDAY($A15)+$T$2)<7),(WEEKDAY($A15)<>1)),"work",(INDEX(Subject!$A:$I,MATCH(RANDBETWEEN(1,(MAX(Subject!$B:$B))),Subject!$B:$B,0),3))))} | G15: {=IF(NOW()>AR15,"",IF(AND((WEEKDAY($A15)+$B$2)>1,((WEEKDAY($A15)+$T$2)<7),(WEEKDAY($A15)<>1)),"work",(INDEX(Subject!$A:$I,MATCH(RANDBETWEEN(1,(MAX(Subject!$B:$B))),Subject!$B:$B,0),3))))} | H15: {=IF(NOW()>AS15,"",IF(AND((WEEKDAY($A15)+$B$2)>1,((WEEKDAY($A15)+$T$2)<7),(WEEKDAY($A15)<>1)),"work",(INDEX(Subject!$A:$I,MATCH(RANDBETWEEN(1,(MAX(Subject!$B:$B))),Subject!$B:$B,0),3))))} | I15: {=IF(NOW()>AT15,"",IF(AND((WEEKDAY($A15)+$B$2)>1,((WEEKDAY($A15)+$T$2)<7),(WEEKDAY($A15)<>1)),"work",(INDEX(Subject!$A:$I,MATCH(RANDBETWEEN(1,(MAX(Subject!$B:$B))),Subject!$B:$B,0),3))))} | ... T15: {=IF(NOW()>BE15,"",IF(AND((WEEKDAY($A15)+$B$2)>1,((WEEKDAY($A15)+$T$2)<7),(WEEKDAY($A15)<>1)),"work",(INDEX(Subject!$A:$I,MATCH(RANDBETWEEN(1,(MAX(Subject!$B:$B))),Subject!$B:$B,0),3))))} | U15: {=INDEX(Subject!$A:$I,MATCH(RANDBETWEEN(1,16),Subject!$B:$B,0),3)} -> #N/A | V15: {=INDEX(Subject!$A:$I,MATCH(RANDBETWEEN(1,16),Subject!$B:$B,0),3)} -> #N/A | W15: {=INDEX(Subject!$A:$I,MATCH(RANDBETWEEN(1,16),Subject!$B:$B,0),3)} -> #N/A | X15: {=INDEX(Subject!$A:$I,MATCH(RANDBETWEEN(1,16),Subject!$B:$B,0),3)} -> #N/A | Y15: {=INDEX(Subject!$A:$I,MATCH(RANDBETWEEN(1,16),Subject!$B:$B,0),3)} -> #N/A | Z15: {=INDEX(Subject!$A:$I,MATCH(RANDBETWEEN(1,16),Subject!$B:$B,0),3)} | AA15: {=INDEX(Subject!$A:$I,MATCH(RANDBETWEEN(1,16),Subject!$B:$B,0),3)} -> #N/A | AB15: {=INDEX(Subject!$A:$I,MATCH(RANDBETWEEN(1,16),Subject!$B:$B,0),3)} -> #N/A | ... AL15: {=INDEX(Subject!$A:$I,MATCH(RANDBETWEEN(1,16),Subject!$B:$B,0),3)} -> #N/A | AM15: =A15+B$1 -> 45515.333 | AN15: =$A15+C$1 -> 45515.354 | AO15: =$A15+D$1 -> 45515.375 | AP15: =$A15+E$1 -> 45515.396 | AQ15: =$A15+F$1 -> 45515.417 | AR15: =$A15+G$1 -> 45515.438 | AS15: =$A15+H$1 -> 45515.458 | AT15: =$A15+I$1 -> 45515.479 | AU15: =$A15+J$1 -> 45515.5 | ... BZ15: =$A15+AO$1 -> 45515
A16: 45516 | B16: {=IF(NOW()>AM16,"",IF(AND((WEEKDAY($A16)+$B$2)>1,((WEEKDAY($A16)+$T$2)<7),(WEEKDAY($A16)<>1)),"work",(INDEX(Subject!$A:$I,MATCH(RANDBETWEEN(1,(MAX(Subject!$B:$B))),Subject!$B:$B,0),3))))} | C16: {=IF(NOW()>AN16,"",IF(AND((WEEKDAY($A16)+$B$2)>1,((WEEKDAY($A16)+$T$2)<7),(WEEKDAY($A16)<>1)),"work",(INDEX(Subject!$A:$I,MATCH(RANDBETWEEN(1,(MAX(Subject!$B:$B))),Subject!$B:$B,0),3))))} | D16: {=IF(NOW()>AO16,"",IF(AND((WEEKDAY($A16)+$B$2)>1,((WEEKDAY($A16)+$T$2)<7),(WEEKDAY($A16)<>1)),"work",(INDEX(Subject!$A:$I,MATCH(RANDBETWEEN(1,(MAX(Subject!$B:$B))),Subject!$B:$B,0),3))))} | E16: {=IF(NOW()>AP16,"",IF(AND((WEEKDAY($A16)+$B$2)>1,((WEEKDAY($A16)+$T$2)<7),(WEEKDAY($A16)<>1)),"work",(INDEX(Subject!$A:$I,MATCH(RANDBETWEEN(1,(MAX(Subject!$B:$B))),Subject!$B:$B,0),3))))} | F16: {=IF(NOW()>AQ16,"",IF(AND((WEEKDAY($A16)+$B$2)>1,((WEEKDAY($A16)+$T$2)<7),(WEEKDAY($A16)<>1)),"work",(INDEX(Subject!$A:$I,MATCH(RANDBETWEEN(1,(MAX(Subject!$B:$B))),Subject!$B:$B,0),3))))} | G16: {=IF(NOW()>AR16,"",IF(AND((WEEKDAY($A16)+$B$2)>1,((WEEKDAY($A16)+$T$2)<7),(WEEKDAY($A16)<>1)),"work",(INDEX(Subject!$A:$I,MATCH(RANDBETWEEN(1,(MAX(Subject!$B:$B))),Subject!$B:$B,0),3))))} | H16: {=IF(NOW()>AS16,"",IF(AND((WEEKDAY($A16)+$B$2)>1,((WEEKDAY($A16)+$T$2)<7),(WEEKDAY($A16)<>1)),"work",(INDEX(Subject!$A:$I,MATCH(RANDBETWEEN(1,(MAX(Subject!$B:$B))),Subject!$B:$B,0),3))))} | I16: {=IF(NOW()>AT16,"",IF(AND((WEEKDAY($A16)+$B$2)>1,((WEEKDAY($A16)+$T$2)<7),(WEEKDAY($A16)<>1)),"work",(INDEX(Subject!$A:$I,MATCH(RANDBETWEEN(1,(MAX(Subject!$B:$B))),Subject!$B:$B,0),3))))} | ... T16: {=IF(NOW()>BE16,"",IF(AND((WEEKDAY($A16)+$B$2)>1,((WEEKDAY($A16)+$T$2)<7),(WEEKDAY($A16)<>1)),"work",(INDEX(Subject!$A:$I,MATCH(RANDBETWEEN(1,(MAX(Subject!$B:$B))),Subject!$B:$B,0),3))))} | U16: {=INDEX(Subject!$A:$I,MATCH(RANDBETWEEN(1,16),Subject!$B:$B,0),3)} -> #N/A | V16: {=INDEX(Subject!$A:$I,MATCH(RANDBETWEEN(1,16),Subject!$B:$B,0),3)} -> #N/A | W16: {=INDEX(Subject!$A:$I,MATCH(RANDBETWEEN(1,16),Subject!$B:$B,0),3)} -> #N/A | X16: {=INDEX(Subject!$A:$I,MATCH(RANDBETWEEN(1,16),Subject!$B:$B,0),3)} -> #N/A | Y16: {=INDEX(Subject!$A:$I,MATCH(RANDBETWEEN(1,16),Subject!$B:$B,0),3)} -> #N/A | Z16: {=INDEX(Subject!$A:$I,MATCH(RANDBETWEEN(1,16),Subject!$B:$B,0),3)} -> #N/A | AA16: {=INDEX(Subject!$A:$I,MATCH(RANDBETWEEN(1,16),Subject!$B:$B,0),3)} -> #N/A | AB16: {=INDEX(Subject!$A:$I,MATCH(RANDBETWEEN(1,16),Subject!$B:$B,0),3)} -> #N/A | ... AL16: {=INDEX(Subject!$A:$I,MATCH(RANDBETWEEN(1,16),Subject!$B:$B,0),3)} -> #N/A | AM16: =A16+B$1 -> 45516.333 | AN16: =$A16+C$1 -> 45516.354 | AO16: =$A16+D$1 -> 45516.375 | AP16: =$A16+E$1 -> 45516.396 | AQ16: =$A16+F$1 -> 45516.417 | AR16: =$A16+G$1 -> 45516.438 | AS16: =$A16+H$1 -> 45516.458 | AT16: =$A16+I$1 -> 45516.479 | AU16: =$A16+J$1 -> 45516.5 | ... BZ16: =$A16+AO$1 -> 45516
A17: 45517 | B17: {=IF(NOW()>AM17,"",IF(AND((WEEKDAY($A17)+$B$2)>1,((WEEKDAY($A17)+$T$2)<7),(WEEKDAY($A17)<>1)),"work",(INDEX(Subject!$A:$I,MATCH(RANDBETWEEN(1,(MAX(Subject!$B:$B))),Subject!$B:$B,0),3))))} | C17: {=IF(NOW()>AN17,"",IF(AND((WEEKDAY($A17)+$B$2)>1,((WEEKDAY($A17)+$T$2)<7),(WEEKDAY($A17)<>1)),"work",(INDEX(Subject!$A:$I,MATCH(RANDBETWEEN(1,(MAX(Subject!$B:$B))),Subject!$B:$B,0),3))))} | D17: {=IF(NOW()>AO17,"",IF(AND((WEEKDAY($A17)+$B$2)>1,((WEEKDAY($A17)+$T$2)<7),(WEEKDAY($A17)<>1)),"work",(INDEX(Subject!$A:$I,MATCH(RANDBETWEEN(1,(MAX(Subject!$B:$B))),Subject!$B:$B,0),3))))} | E17: {=IF(NOW()>AP17,"",IF(AND((WEEKDAY($A17)+$B$2)>1,((WEEKDAY($A17)+$T$2)<7),(WEEKDAY($A17)<>1)),"work",(INDEX(Subject!$A:$I,MATCH(RANDBETWEEN(1,(MAX(Subject!$B:$B))),Subject!$B:$B,0),3))))} | F17: {=IF(NOW()>AQ17,"",IF(AND((WEEKDAY($A17)+$B$2)>1,((WEEKDAY($A17)+$T$2)<7),(WEEKDAY($A17)<>1)),"work",(INDEX(Subject!$A:$I,MATCH(RANDBETWEEN(1,(MAX(Subject!$B:$B))),Subject!$B:$B,0),3))))} | G17: {=IF(NOW()>AR17,"",IF(AND((WEEKDAY($A17)+$B$2)>1,((WEEKDAY($A17)+$T$2)<7),(WEEKDAY($A17)<>1)),"work",(INDEX(Subject!$A:$I,MATCH(RANDBETWEEN(1,(MAX(Subject!$B:$B))),Subject!$B:$B,0),3))))} | H17: {=IF(NOW()>AS17,"",IF(AND((WEEKDAY($A17)+$B$2)>1,((WEEKDAY($A17)+$T$2)<7),(WEEKDAY($A17)<>1)),"work",(INDEX(Subject!$A:$I,MATCH(RANDBETWEEN(1,(MAX(Subject!$B:$B))),Subject!$B:$B,0),3))))} | I17: {=IF(NOW()>AT17,"",IF(AND((WEEKDAY($A17)+$B$2)>1,((WEEKDAY($A17)+$T$2)<7),(WEEKDAY($A17)<>1)),"work",(INDEX(Subject!$A:$I,MATCH(RANDBETWEEN(1,(MAX(Subject!$B:$B))),Subject!$B:$B,0),3))))} | ... T17: {=IF(NOW()>BE17,"",IF(AND((WEEKDAY($A17)+$B$2)>1,((WEEKDAY($A17)+$T$2)<7),(WEEKDAY($A17)<>1)),"work",(INDEX(Subject!$A:$I,MATCH(RANDBETWEEN(1,(MAX(Subject!$B:$B))),Subject!$B:$B,0),3))))} | U17: {=INDEX(Subject!$A:$I,MATCH(RANDBETWEEN(1,16),Subject!$B:$B,0),3)} -> #N/A | V17: {=INDEX(Subject!$A:$I,MATCH(RANDBETWEEN(1,16),Subject!$B:$B,0),3)} -> #N/A | W17: {=INDEX(Subject!$A:$I,MATCH(RANDBETWEEN(1,16),Subject!$B:$B,0),3)} -> #N/A | X17: {=INDEX(Subject!$A:$I,MATCH(RANDBETWEEN(1,16),Subject!$B:$B,0),3)} -> #N/A | Y17: {=INDEX(Subject!$A:$I,MATCH(RANDBETWEEN(1,16),Subject!$B:$B,0),3)} -> #N/A | Z17: {=INDEX(Subject!$A:$I,MATCH(RANDBETWEEN(1,16),Subject!$B:$B,0),3)} -> #N/A | AA17: {=INDEX(Subject!$A:$I,MATCH(RANDBETWEEN(1,16),Subject!$B:$B,0),3)} -> #N/A | AB17: {=INDEX(Subject!$A:$I,MATCH(RANDBETWEEN(1,16),Subject!$B:$B,0),3)} -> #N/A | ... AL17: {=INDEX(Subject!$A:$I,MATCH(RANDBETWEEN(1,16),Subject!$B:$B,0),3)} -> #N/A | AM17: =A17+B$1 -> 45517.333 | AN17: =$A17+C$1 -> 45517.354 | AO17: =$A17+D$1 -> 45517.375 | AP17: =$A17+E$1 -> 45517.396 | AQ17: =$A17+F$1 -> 45517.417 | AR17: =$A17+G$1 -> 45517.438 | AS17: =$A17+H$1 -> 45517.458 | AT17: =$A17+I$1 -> 45517.479 | AU17: =$A17+J$1 -> 45517.5 | ... BZ17: =$A17+AO$1 -> 45517
A18: 45518 | B18: {=IF(NOW()>AM18,"",IF(AND((WEEKDAY($A18)+$B$2)>1,((WEEKDAY($A18)+$T$2)<7),(WEEKDAY($A18)<>1)),"work",(INDEX(Subject!$A:$I,MATCH(RANDBETWEEN(1,(MAX(Subject!$B:$B))),Subject!$B:$B,0),3))))} | C18: {=IF(NOW()>AN18,"",IF(AND((WEEKDAY($A18)+$B$2)>1,((WEEKDAY($A18)+$T$2)<7),(WEEKDAY($A18)<>1)),"work",(INDEX(Subject!$A:$I,MATCH(RANDBETWEEN(1,(MAX(Subject!$B:$B))),Subject!$B:$B,0),3))))} | D18: {=IF(NOW()>AO18,"",IF(AND((WEEKDAY($A18)+$B$2)>1,((WEEKDAY($A18)+$T$2)<7),(WEEKDAY($A18)<>1)),"work",(INDEX(Subject!$A:$I,MATCH(RANDBETWEEN(1,(MAX(Subject!$B:$B))),Subject!$B:$B,0),3))))} | E18: {=IF(NOW()>AP18,"",IF(AND((WEEKDAY($A18)+$B$2)>1,((WEEKDAY($A18)+$T$2)<7),(WEEKDAY($A18)<>1)),"work",(INDEX(Subject!$A:$I,MATCH(RANDBETWEEN(1,(MAX(Subject!$B:$B))),Subject!$B:$B,0),3))))} | F18: {=IF(NOW()>AQ18,"",IF(AND((WEEKDAY($A18)+$B$2)>1,((WEEKDAY($A18)+$T$2)<7),(WEEKDAY($A18)<>1)),"work",(INDEX(Subject!$A:$I,MATCH(RANDBETWEEN(1,(MAX(Subject!$B:$B))),Subject!$B:$B,0),3))))} | G18: {=IF(NOW()>AR18,"",IF(AND((WEEKDAY($A18)+$B$2)>1,((WEEKDAY($A18)+$T$2)<7),(WEEKDAY($A18)<>1)),"work",(INDEX(Subject!$A:$I,MATCH(RANDBETWEEN(1,(MAX(Subject!$B:$B))),Subject!$B:$B,0),3))))} | H18: {=IF(NOW()>AS18,"",IF(AND((WEEKDAY($A18)+$B$2)>1,((WEEKDAY($A18)+$T$2)<7),(WEEKDAY($A18)<>1)),"work",(INDEX(Subject!$A:$I,MATCH(RANDBETWEEN(1,(MAX(Subject!$B:$B))),Subject!$B:$B,0),3))))} | I18: {=IF(NOW()>AT18,"",IF(AND((WEEKDAY($A18)+$B$2)>1,((WEEKDAY($A18)+$T$2)<7),(WEEKDAY($A18)<>1)),"work",(INDEX(Subject!$A:$I,MATCH(RANDBETWEEN(1,(MAX(Subject!$B:$B))),Subject!$B:$B,0),3))))} | ... T18: {=IF(NOW()>BE18,"",IF(AND((WEEKDAY($A18)+$B$2)>1,((WEEKDAY($A18)+$T$2)<7),(WEEKDAY($A18)<>1)),"work",(INDEX(Subject!$A:$I,MATCH(RANDBETWEEN(1,(MAX(Subject!$B:$B))),Subject!$B:$B,0),3))))} | U18: {=INDEX(Subject!$A:$I,MATCH(RANDBETWEEN(1,16),Subject!$B:$B,0),3)} -> #N/A | V18: {=INDEX(Subject!$A:$I,MATCH(RANDBETWEEN(1,16),Subject!$B:$B,0),3)} -> #N/A | W18: {=INDEX(Subject!$A:$I,MATCH(RANDBETWEEN(1,16),Subject!$B:$B,0),3)} -> #N/A | X18: {=INDEX(Subject!$A:$I,MATCH(RANDBETWEEN(1,16),Subject!$B:$B,0),3)} -> #N/A | Y18: {=INDEX(Subject!$A:$I,MATCH(RANDBETWEEN(1,16),Subject!$B:$B,0),3)} -> #N/A | Z18: {=INDEX(Subject!$A:$I,MATCH(RANDBETWEEN(1,16),Subject!$B:$B,0),3)} | AA18: {=INDEX(Subject!$A:$I,MATCH(RANDBETWEEN(1,16),Subject!$B:$B,0),3)} -> #N/A | AB18: {=INDEX(Subject!$A:$I,MATCH(RANDBETWEEN(1,16),Subject!$B:$B,0),3)} | ... AL18: {=INDEX(Subject!$A:$I,MATCH(RANDBETWEEN(1,16),Subject!$B:$B,0),3)} -> #N/A | AM18: =A18+B$1 -> 45518.333 | AN18: =$A18+C$1 -> 45518.354 | AO18: =$A18+D$1 -> 45518.375 | AP18: =$A18+E$1 -> 45518.396 | AQ18: =$A18+F$1 -> 45518.417 | AR18: =$A18+G$1 -> 45518.438 | AS18: =$A18+H$1 -> 45518.458 | AT18: =$A18+I$1 -> 45518.479 | AU18: =$A18+J$1 -> 45518.5 | ... BZ18: =$A18+AO$1 -> 45518
A19: 45519 | B19: {=IF(NOW()>AM19,"",IF(AND((WEEKDAY($A19)+$B$2)>1,((WEEKDAY($A19)+$T$2)<7),(WEEKDAY($A19)<>1)),"work",(INDEX(Subject!$A:$I,MATCH(RANDBETWEEN(1,(MAX(Subject!$B:$B))),Subject!$B:$B,0),3))))} | C19: {=IF(NOW()>AN19,"",IF(AND((WEEKDAY($A19)+$B$2)>1,((WEEKDAY($A19)+$T$2)<7),(WEEKDAY($A19)<>1)),"work",(INDEX(Subject!$A:$I,MATCH(RANDBETWEEN(1,(MAX(Subject!$B:$B))),Subject!$B:$B,0),3))))} | D19: {=IF(NOW()>AO19,"",IF(AND((WEEKDAY($A19)+$B$2)>1,((WEEKDAY($A19)+$T$2)<7),(WEEKDAY($A19)<>1)),"work",(INDEX(Subject!$A:$I,MATCH(RANDBETWEEN(1,(MAX(Subject!$B:$B))),Subject!$B:$B,0),3))))} | E19: {=IF(NOW()>AP19,"",IF(AND((WEEKDAY($A19)+$B$2)>1,((WEEKDAY($A19)+$T$2)<7),(WEEKDAY($A19)<>1)),"work",(INDEX(Subject!$A:$I,MATCH(RANDBETWEEN(1,(MAX(Subject!$B:$B))),Subject!$B:$B,0),3))))} | F19: {=IF(NOW()>AQ19,"",IF(AND((WEEKDAY($A19)+$B$2)>1,((WEEKDAY($A19)+$T$2)<7),(WEEKDAY($A19)<>1)),"work",(INDEX(Subject!$A:$I,MATCH(RANDBETWEEN(1,(MAX(Subject!$B:$B))),Subject!$B:$B,0),3))))} | G19: {=IF(NOW()>AR19,"",IF(AND((WEEKDAY($A19)+$B$2)>1,((WEEKDAY($A19)+$T$2)<7),(WEEKDAY($A19)<>1)),"work",(INDEX(Subject!$A:$I,MATCH(RANDBETWEEN(1,(MAX(Subject!$B:$B))),Subject!$B:$B,0),3))))} | H19: {=IF(NOW()>AS19,"",IF(AND((WEEKDAY($A19)+$B$2)>1,((WEEKDAY($A19)+$T$2)<7),(WEEKDAY($A19)<>1)),"work",(INDEX(Subject!$A:$I,MATCH(RANDBETWEEN(1,(MAX(Subject!$B:$B))),Subject!$B:$B,0),3))))} | I19: {=IF(NOW()>AT19,"",IF(AND((WEEKDAY($A19)+$B$2)>1,((WEEKDAY($A19)+$T$2)<7),(WEEKDAY($A19)<>1)),"work",(INDEX(Subject!$A:$I,MATCH(RANDBETWEEN(1,(MAX(Subject!$B:$B))),Subject!$B:$B,0),3))))} | ... T19: {=IF(NOW()>BE19,"",IF(AND((WEEKDAY($A19)+$B$2)>1,((WEEKDAY($A19)+$T$2)<7),(WEEKDAY($A19)<>1)),"work",(INDEX(Subject!$A:$I,MATCH(RANDBETWEEN(1,(MAX(Subject!$B:$B))),Subject!$B:$B,0),3))))} | U19: {=INDEX(Subject!$A:$I,MATCH(RANDBETWEEN(1,16),Subject!$B:$B,0),3)} -> #N/A | V19: {=INDEX(Subject!$A:$I,MATCH(RANDBETWEEN(1,16),Subject!$B:$B,0),3)} -> #N/A | W19: {=INDEX(Subject!$A:$I,MATCH(RANDBETWEEN(1,16),Subject!$B:$B,0),3)} -> #N/A | X19: {=INDEX(Subject!$A:$I,MATCH(RANDBETWEEN(1,16),Subject!$B:$B,0),3)} | Y19: {=INDEX(Subject!$A:$I,MATCH(RANDBETWEEN(1,16),Subject!$B:$B,0),3)} -> #N/A | Z19: {=INDEX(Subject!$A:$I,MATCH(RANDBETWEEN(1,16),Subject!$B:$B,0),3)} -> #N/A | AA19: {=INDEX(Subject!$A:$I,MATCH(RANDBETWEEN(1,16),Subject!$B:$B,0),3)} -> #N/A | AB19: {=INDEX(Subject!$A:$I,MATCH(RANDBETWEEN(1,16),Subject!$B:$B,0),3)} -> #N/A | ... AL19: {=INDEX(Subject!$A:$I,MATCH(RANDBETWEEN(1,16),Subject!$B:$B,0),3)} -> #N/A | AM19: =A19+B$1 -> 45519.333 | AN19: =$A19+C$1 -> 45519.354 | AO19: =$A19+D$1 -> 45519.375 | AP19: =$A19+E$1 -> 45519.396 | AQ19: =$A19+F$1 -> 45519.417 | AR19: =$A19+G$1 -> 45519.438 | AS19: =$A19+H$1 -> 45519.458 | AT19: =$A19+I$1 -> 45519.479 | AU19: =$A19+J$1 -> 45519.5 | ... BZ19: =$A19+AO$1 -> 45519
... A630: 46130 | B630: {=IF(NOW()>AM630,"",IF(AND((WEEKDAY($A630)+$B$2)>1,((WEEKDAY($A630)+$T$2)<7),(WEEKDAY($A630)<>1)),"work",(INDEX(Subject!$A:$I,MATCH(RANDBETWEEN(1,(MAX(Subject!$B:$B))),Subject!$B:$B,0),3))))} | C630: {=IF(NOW()>AN630,"",IF(AND((WEEKDAY($A630)+$B$2)>1,((WEEKDAY($A630)+$T$2)<7),(WEEKDAY($A630)<>1)),"work",(INDEX(Subject!$A:$I,MATCH(RANDBETWEEN(1,(MAX(Subject!$B:$B))),Subject!$B:$B,0),3))))} | D630: {=IF(NOW()>AO630,"",IF(AND((WEEKDAY($A630)+$B$2)>1,((WEEKDAY($A630)+$T$2)<7),(WEEKDAY($A630)<>1)),"work",(INDEX(Subject!$A:$I,MATCH(RANDBETWEEN(1,(MAX(Subject!$B:$B))),Subject!$B:$B,0),3))))} | E630: {=IF(NOW()>AP630,"",IF(AND((WEEKDAY($A630)+$B$2)>1,((WEEKDAY($A630)+$T$2)<7),(WEEKDAY($A630)<>1)),"work",(INDEX(Subject!$A:$I,MATCH(RANDBETWEEN(1,(MAX(Subject!$B:$B))),Subject!$B:$B,0),3))))} | F630: {=IF(NOW()>AQ630,"",IF(AND((WEEKDAY($A630)+$B$2)>1,((WEEKDAY($A630)+$T$2)<7),(WEEKDAY($A630)<>1)),"work",(INDEX(Subject!$A:$I,MATCH(RANDBETWEEN(1,(MAX(Subject!$B:$B))),Subject!$B:$B,0),3))))} | G630: {=IF(NOW()>AR630,"",IF(AND((WEEKDAY($A630)+$B$2)>1,((WEEKDAY($A630)+$T$2)<7),(WEEKDAY($A630)<>1)),"work",(INDEX(Subject!$A:$I,MATCH(RANDBETWEEN(1,(MAX(Subject!$B:$B))),Subject!$B:$B,0),3))))} | H630: {=IF(NOW()>AS630,"",IF(AND((WEEKDAY($A630)+$B$2)>1,((WEEKDAY($A630)+$T$2)<7),(WEEKDAY($A630)<>1)),"work",(INDEX(Subject!$A:$I,MATCH(RANDBETWEEN(1,(MAX(Subject!$B:$B))),Subject!$B:$B,0),3))))} | I630: {=IF(NOW()>AT630,"",IF(AND((WEEKDAY($A630)+$B$2)>1,((WEEKDAY($A630)+$T$2)<7),(WEEKDAY($A630)<>1)),"work",(INDEX(Subject!$A:$I,MATCH(RANDBETWEEN(1,(MAX(Subject!$B:$B))),Subject!$B:$B,0),3))))} | ... T630: {=IF(NOW()>BE630,"",IF(AND((WEEKDAY($A630)+$B$2)>1,((WEEKDAY($A630)+$T$2)<7),(WEEKDAY($A630)<>1)),"work",(INDEX(Subject!$A:$I,MATCH(RANDBETWEEN(1,(MAX(Subject!$B:$B))),Subject!$B:$B,0),3))))} | U630: {=INDEX(Subject!$A:$I,MATCH(RANDBETWEEN(1,16),Subject!$B:$B,0),3)} -> #N/A | V630: {=INDEX(Subject!$A:$I,MATCH(RANDBETWEEN(1,16),Subject!$B:$B,0),3)} -> #N/A | W630: {=INDEX(Subject!$A:$I,MATCH(RANDBETWEEN(1,16),Subject!$B:$B,0),3)} -> #N/A | X630: {=INDEX(Subject!$A:$I,MATCH(RANDBETWEEN(1,16),Subject!$B:$B,0),3)} -> #N/A | Y630: {=INDEX(Subject!$A:$I,MATCH(RANDBETWEEN(1,16),Subject!$B:$B,0),3)} | Z630: {=INDEX(Subject!$A:$I,MATCH(RANDBETWEEN(1,16),Subject!$B:$B,0),3)} -> #N/A | AA630: {=INDEX(Subject!$A:$I,MATCH(RANDBETWEEN(1,16),Subject!$B:$B,0),3)} -> #N/A | AB630: {=INDEX(Subject!$A:$I,MATCH(RANDBETWEEN(1,16),Subject!$B:$B,0),3)} -> #N/A | ... AL630: {=INDEX(Subject!$A:$I,MATCH(RANDBETWEEN(1,16),Subject!$B:$B,0),3)} -> #N/A | AM630: =A630+B$1 -> 46130.333 | AN630: =$A630+C$1 -> 46130.354 | AO630: =$A630+D$1 -> 46130.375 | AP630: =$A630+E$1 -> 46130.396 | AQ630: =$A630+F$1 -> 46130.417 | AR630: =$A630+G$1 -> 46130.438 | AS630: =$A630+H$1 -> 46130.458 | AT630: =$A630+I$1 -> 46130.479 | AU630: =$A630+J$1 -> 46130.5 | ... BZ630: =$A630+AO$1 -> 46130
B631: {=IF(NOW()>AM631,"",IF(AND((WEEKDAY($A631)+$B$2)>1,((WEEKDAY($A631)+$T$2)<7),(WEEKDAY($A631)<>1)),"work",(INDEX(Subject!$A:$I,MATCH(RANDBETWEEN(1,(MAX(Subject!$B:$B))),Subject!$B:$B,0),3))))} | C631: {=IF(NOW()>AN631,"",IF(AND((WEEKDAY($A631)+$B$2)>1,((WEEKDAY($A631)+$T$2)<7),(WEEKDAY($A631)<>1)),"work",(INDEX(Subject!$A:$I,MATCH(RANDBETWEEN(1,(MAX(Subject!$B:$B))),Subject!$B:$B,0),3))))} | D631: {=IF(NOW()>AO631,"",IF(AND((WEEKDAY($A631)+$B$2)>1,((WEEKDAY($A631)+$T$2)<7),(WEEKDAY($A631)<>1)),"work",(INDEX(Subject!$A:$I,MATCH(RANDBETWEEN(1,(MAX(Subject!$B:$B))),Subject!$B:$B,0),3))))} | E631: {=IF(NOW()>AP631,"",IF(AND((WEEKDAY($A631)+$B$2)>1,((WEEKDAY($A631)+$T$2)<7),(WEEKDAY($A631)<>1)),"work",(INDEX(Subject!$A:$I,MATCH(RANDBETWEEN(1,(MAX(Subject!$B:$B))),Subject!$B:$B,0),3))))} | F631: {=IF(NOW()>AQ631,"",IF(AND((WEEKDAY($A631)+$B$2)>1,((WEEKDAY($A631)+$T$2)<7),(WEEKDAY($A631)<>1)),"work",(INDEX(Subject!$A:$I,MATCH(RANDBETWEEN(1,(MAX(Subject!$B:$B))),Subject!$B:$B,0),3))))} | G631: {=IF(NOW()>AR631,"",IF(AND((WEEKDAY($A631)+$B$2)>1,((WEEKDAY($A631)+$T$2)<7),(WEEKDAY($A631)<>1)),"work",(INDEX(Subject!$A:$I,MATCH(RANDBETWEEN(1,(MAX(Subject!$B:$B))),Subject!$B:$B,0),3))))} | H631: {=IF(NOW()>AS631,"",IF(AND((WEEKDAY($A631)+$B$2)>1,((WEEKDAY($A631)+$T$2)<7),(WEEKDAY($A631)<>1)),"work",(INDEX(Subject!$A:$I,MATCH(RANDBETWEEN(1,(MAX(Subject!$B:$B))),Subject!$B:$B,0),3))))} | I631: {=IF(NOW()>AT631,"",IF(AND((WEEKDAY($A631)+$B$2)>1,((WEEKDAY($A631)+$T$2)<7),(WEEKDAY($A631)<>1)),"work",(INDEX(Subject!$A:$I,MATCH(RANDBETWEEN(1,(MAX(Subject!$B:$B))),Subject!$B:$B,0),3))))} | ... T631: {=IF(NOW()>BE631,"",IF(AND((WEEKDAY($A631)+$B$2)>1,((WEEKDAY($A631)+$T$2)<7),(WEEKDAY($A631)<>1)),"work",(INDEX(Subject!$A:$I,MATCH(RANDBETWEEN(1,(MAX(Subject!$B:$B))),Subject!$B:$B,0),3))))} | U631: {=INDEX(Subject!$A:$I,MATCH(RANDBETWEEN(1,16),Subject!$B:$B,0),3)} -> #N/A | V631: {=INDEX(Subject!$A:$I,MATCH(RANDBETWEEN(1,16),Subject!$B:$B,0),3)} -> #N/A | W631: {=INDEX(Subject!$A:$I,MATCH(RANDBETWEEN(1,16),Subject!$B:$B,0),3)} -> #N/A | X631: {=INDEX(Subject!$A:$I,MATCH(RANDBETWEEN(1,16),Subject!$B:$B,0),3)} -> #N/A | Y631: {=INDEX(Subject!$A:$I,MATCH(RANDBETWEEN(1,16),Subject!$B:$B,0),3)} -> #N/A | Z631: {=INDEX(Subject!$A:$I,MATCH(RANDBETWEEN(1,16),Subject!$B:$B,0),3)} -> #N/A | AA631: {=INDEX(Subject!$A:$I,MATCH(RANDBETWEEN(1,16),Subject!$B:$B,0),3)} -> #N/A | AB631: {=INDEX(Subject!$A:$I,MATCH(RANDBETWEEN(1,16),Subject!$B:$B,0),3)} -> #N/A | ... AL631: {=INDEX(Subject!$A:$I,MATCH(RANDBETWEEN(1,16),Subject!$B:$B,0),3)} -> #N/A | AN631: =$A631+C$1 -> 0.35416667 | AO631: =$A631+D$1 -> 0.375 | AP631: =$A631+E$1 -> 0.39583333 | AQ631: =$A631+F$1 -> 0.41666667 | AR631: =$A631+G$1 -> 0.4375 | AS631: =$A631+H$1 -> 0.45833333 | AT631: =$A631+I$1 -> 0.47916667 | AU631: =$A631+J$1 -> 0.5 | ... BZ631: =$A631+AO$1 -> 0
B632: {=IF(NOW()>AM632,"",IF(AND((WEEKDAY($A632)+$B$2)>1,((WEEKDAY($A632)+$T$2)<7),(WEEKDAY($A632)<>1)),"work",(INDEX(Subject!$A:$I,MATCH(RANDBETWEEN(1,(MAX(Subject!$B:$B))),Subject!$B:$B,0),3))))} | C632: {=IF(NOW()>AN632,"",IF(AND((WEEKDAY($A632)+$B$2)>1,((WEEKDAY($A632)+$T$2)<7),(WEEKDAY($A632)<>1)),"work",(INDEX(Subject!$A:$I,MATCH(RANDBETWEEN(1,(MAX(Subject!$B:$B))),Subject!$B:$B,0),3))))} | D632: {=IF(NOW()>AO632,"",IF(AND((WEEKDAY($A632)+$B$2)>1,((WEEKDAY($A632)+$T$2)<7),(WEEKDAY($A632)<>1)),"work",(INDEX(Subject!$A:$I,MATCH(RANDBETWEEN(1,(MAX(Subject!$B:$B))),Subject!$B:$B,0),3))))} | E632: {=IF(NOW()>AP632,"",IF(AND((WEEKDAY($A632)+$B$2)>1,((WEEKDAY($A632)+$T$2)<7),(WEEKDAY($A632)<>1)),"work",(INDEX(Subject!$A:$I,MATCH(RANDBETWEEN(1,(MAX(Subject!$B:$B))),Subject!$B:$B,0),3))))} | F632: {=IF(NOW()>AQ632,"",IF(AND((WEEKDAY($A632)+$B$2)>1,((WEEKDAY($A632)+$T$2)<7),(WEEKDAY($A632)<>1)),"work",(INDEX(Subject!$A:$I,MATCH(RANDBETWEEN(1,(MAX(Subject!$B:$B))),Subject!$B:$B,0),3))))} | G632: {=IF(NOW()>AR632,"",IF(AND((WEEKDAY($A632)+$B$2)>1,((WEEKDAY($A632)+$T$2)<7),(WEEKDAY($A632)<>1)),"work",(INDEX(Subject!$A:$I,MATCH(RANDBETWEEN(1,(MAX(Subject!$B:$B))),Subject!$B:$B,0),3))))} | H632: {=IF(NOW()>AS632,"",IF(AND((WEEKDAY($A632)+$B$2)>1,((WEEKDAY($A632)+$T$2)<7),(WEEKDAY($A632)<>1)),"work",(INDEX(Subject!$A:$I,MATCH(RANDBETWEEN(1,(MAX(Subject!$B:$B))),Subject!$B:$B,0),3))))} | I632: {=IF(NOW()>AT632,"",IF(AND((WEEKDAY($A632)+$B$2)>1,((WEEKDAY($A632)+$T$2)<7),(WEEKDAY($A632)<>1)),"work",(INDEX(Subject!$A:$I,MATCH(RANDBETWEEN(1,(MAX(Subject!$B:$B))),Subject!$B:$B,0),3))))} | ... T632: {=IF(NOW()>BE632,"",IF(AND((WEEKDAY($A632)+$B$2)>1,((WEEKDAY($A632)+$T$2)<7),(WEEKDAY($A632)<>1)),"work",(INDEX(Subject!$A:$I,MATCH(RANDBETWEEN(1,(MAX(Subject!$B:$B))),Subject!$B:$B,0),3))))} | AN632: =$A632+C$1 -> 0.35416667 | AO632: =$A632+D$1 -> 0.375 | AP632: =$A632+E$1 -> 0.39583333 | AQ632: =$A632+F$1 -> 0.41666667 | AR632: =$A632+G$1 -> 0.4375 | AS632: =$A632+H$1 -> 0.45833333 | AT632: =$A632+I$1 -> 0.47916667 | AU632: =$A632+J$1 -> 0.5 | ... BZ632: =$A632+AO$1 -> 0
B633: {=IF(NOW()>AM633,"",IF(AND((WEEKDAY($A633)+$B$2)>1,((WEEKDAY($A633)+$T$2)<7),(WEEKDAY($A633)<>1)),"work",(INDEX(Subject!$A:$I,MATCH(RANDBETWEEN(1,(MAX(Subject!$B:$B))),Subject!$B:$B,0),3))))} | C633: {=IF(NOW()>AN633,"",IF(AND((WEEKDAY($A633)+$B$2)>1,((WEEKDAY($A633)+$T$2)<7),(WEEKDAY($A633)<>1)),"work",(INDEX(Subject!$A:$I,MATCH(RANDBETWEEN(1,(MAX(Subject!$B:$B))),Subject!$B:$B,0),3))))} | D633: {=IF(NOW()>AO633,"",IF(AND((WEEKDAY($A633)+$B$2)>1,((WEEKDAY($A633)+$T$2)<7),(WEEKDAY($A633)<>1)),"work",(INDEX(Subject!$A:$I,MATCH(RANDBETWEEN(1,(MAX(Subject!$B:$B))),Subject!$B:$B,0),3))))} | E633: {=IF(NOW()>AP633,"",IF(AND((WEEKDAY($A633)+$B$2)>1,((WEEKDAY($A633)+$T$2)<7),(WEEKDAY($A633)<>1)),"work",(INDEX(Subject!$A:$I,MATCH(RANDBETWEEN(1,(MAX(Subject!$B:$B))),Subject!$B:$B,0),3))))} | F633: {=IF(NOW()>AQ633,"",IF(AND((WEEKDAY($A633)+$B$2)>1,((WEEKDAY($A633)+$T$2)<7),(WEEKDAY($A633)<>1)),"work",(INDEX(Subject!$A:$I,MATCH(RANDBETWEEN(1,(MAX(Subject!$B:$B))),Subject!$B:$B,0),3))))} | G633: {=IF(NOW()>AR633,"",IF(AND((WEEKDAY($A633)+$B$2)>1,((WEEKDAY($A633)+$T$2)<7),(WEEKDAY($A633)<>1)),"work",(INDEX(Subject!$A:$I,MATCH(RANDBETWEEN(1,(MAX(Subject!$B:$B))),Subject!$B:$B,0),3))))} | H633: {=IF(NOW()>AS633,"",IF(AND((WEEKDAY($A633)+$B$2)>1,((WEEKDAY($A633)+$T$2)<7),(WEEKDAY($A633)<>1)),"work",(INDEX(Subject!$A:$I,MATCH(RANDBETWEEN(1,(MAX(Subject!$B:$B))),Subject!$B:$B,0),3))))} | I633: {=IF(NOW()>AT633,"",IF(AND((WEEKDAY($A633)+$B$2)>1,((WEEKDAY($A633)+$T$2)<7),(WEEKDAY($A633)<>1)),"work",(INDEX(Subject!$A:$I,MATCH(RANDBETWEEN(1,(MAX(Subject!$B:$B))),Subject!$B:$B,0),3))))} | ... T633: {=IF(NOW()>BE633,"",IF(AND((WEEKDAY($A633)+$B$2)>1,((WEEKDAY($A633)+$T$2)<7),(WEEKDAY($A633)<>1)),"work",(INDEX(Subject!$A:$I,MATCH(RANDBETWEEN(1,(MAX(Subject!$B:$B))),Subject!$B:$B,0),3))))}

Sheet Time List
A1: Time Reference
A2: 0.33333333 | B2: =A2 -> 0.33333333 | D2: 0.33333333
A3: 0.35416667 | B3: =A3 -> 0.35416667 | C3: =B3-B2 -> 0.020833333 | D3: 0.35416667
A4: =A3+$C$3 -> 0.375 | D4: 0.375
A5: =A4+$C$3 -> 0.39583333 | D5: 0.39583333
A6: =A5+$C$3 -> 0.41666667 | D6: 0.41666667
A7: =A6+$C$3 -> 0.4375 | D7: 0.4375
A8: =A7+$C$3 -> 0.45833333 | D8: 0.45833333
A9: =A8+$C$3 -> 0.47916667 | D9: 0.47916667
A10: =A9+$C$3 -> 0.5 | D10: 0.5
A11: =A10+$C$3 -> 0.52083333 | D11: 0.52083333
A12: =A11+$C$3 -> 0.54166667 | D12: 0.54166667
A13: =A12+$C$3 -> 0.5625 | D13: 0.5625
A14: =A13+$C$3 -> 0.58333333 | D14: 0.58333333
A15: =A14+$C$3 -> 0.60416667 | D15: 0.60416667
... A38: =A37+$C$3 -> 1.0833333 | D38: 1.0833333

Sheet Static 
A1: 45507.64 | B1: 0.33333333 | C1: 0.35416667 | D1: 0.375 | E1: 0.39583333 | F1: 0.41666667 | G1: 0.4375 | H1: 0.45833333 | I1: 0.47916667 | J1: 0.5 | K1: 0.52083333 | L1: 0.54166667 | M1: 0.5625 | N1: 0.58333333 | O1: 0.60416667 | P1: 0.625 | Q1: 0.64583333 | R1: 0.66666667 | S1: 0.6875 | T1: 0.70833333 | U1: 0.72916667 | V1: 0.75 | W1: 0.77083333 | X1: 0.79166667 | Y1: 0.8125 | Z1: 0.83333333 | AA1: 0.85416667 | AB1: 0.875 | AC1: 0.89583333 | AD1: 0.91666667 | AE1: 0.9375 | AF1: 0.95833333 | AG1: 0.97916667 | AH1: 1 | AI1: 1.0208333 | AJ1: 1.0416667 | AK1: 1.0625 | AL1: 1.0833333
B2: 0.33333333 | C2: 0.35416667 | D2: 0.375 | E2: 0.39583333 | F2: 0.41666667 | G2: 0.4375 | H2: 0.45833333 | I2: 0.47916667 | J2: 0.5 | K2: 0.52083333 | L2: 0.54166667 | M2: 0.5625 | N2: 0.58333333 | O2: 0.60416667 | P2: 0.625 | Q2: 0.64583333 | R2: 0.66666667 | S2: 0.6875 | T2: 0.70833333 | U2: 0.72916667 | V2: 0.75 | W2: 0.77083333 | X2: 0.79166667 | Y2: 0.8125 | Z2: 0.83333333 | AA2: 0.85416667 | AB2: 0.875 | AC2: 0.89583333 | AD2: 0.91666667 | AE2: 0.9375 | AF2: 0.95833333 | AG2: 0.97916667 | AH2: 1 | AI2: 1.0208333 | AJ2: 1.0416667 | AK2: 1.0625 | AL2: 1.0833333
A3: 45503 | U3: free
A4: 45504 | U4: Catch | V4: Data Annotation | W4: SQL | X4: Trash | Y4: free | Z4: Trash | AA4: Laundry | AB4: Trash | AC4: free | AD4: free | AE4: Spanish | AF4: free | AG4: Trash | AH4: SQL | AI4: SQL | AJ4: Catch | AK4: Python | AL4: Economics
A5: 45505 | U5: Economics | V5: Hebrew | W5: SQL | X5: Dishes | Y5: free | Z5: free | AA5: SQL | AB5: free | AC5: Data Annotation | AD5: free | AE5: free | AF5: Laundry | AG5: SQL | AH5: Math | AI5: Music Theory | AJ5: Dishes | AK5: Dishes | AL5: Trash
A6: 45506 | U6: Economics | V6: Math | W6: Math | X6: free | Y6: SQL | Z6: Spanish | AA6: free | AB6: Data Annotation | AC6: free | AD6: Laundry | AE6: Music Theory | AF6: Hebrew | AG6: Hebrew | AH6: Music Theory | AI6: free | AJ6: Trash | AK6: Laundry | AL6: Music Theory
A7: 45507 | Q7: Contact a contact | R7: Tableau | S7: Dishes | T7: Math | U7: Trash | V7: Data Annotation | W7: Data Annotation | X7: free | Y7: Catch | Z7: Trash | AA7: free | AB7: Music Theory | AC7: Spanish | AD7: free | AE7: Laundry | AF7: Economics | AG7: SQL | AH7: Trash | AI7: Python | AJ7: Trash | AK7: Laundry | AL7: Laundry
A8: 45508 | B8: work | C8: work | D8: work | E8: work | F8: work | G8: work | H8: work | I8: work | J8: work | K8: work | L8: work | M8: work | N8: work | O8: work | P8: work | Q8: work | R8: work | S8: work | T8: work | U8: Laundry | V8: free | W8: Spanish | X8: Hebrew | Y8: Hebrew | Z8: Catch | AA8: SQL | AB8: Laundry | AC8: Math | AD8: Dishes | AE8: Catch | AF8: Hebrew | AG8: Dishes | AH8: Dishes | AI8: Hebrew | AJ8: free | AK8: free | AL8: free
A9: 45509 | B9: work | C9: work | D9: work | E9: work | F9: work | G9: work | H9: work | I9: work | J9: work | K9: work | L9: work | M9: work | N9: work | O9: work | P9: work | Q9: work | R9: work | S9: work | T9: work | U9: free | V9: Spanish | W9: Dishes | X9: Laundry | Y9: free | Z9: Trash | AA9: free | AB9: Trash | AC9: SQL | AD9: Trash | AE9: Trash | AF9: Laundry | AG9: Catch | AH9: Laundry | AI9: Economics | AJ9: Music Theory | AK9: Python | AL9: Catch
A10: 45510 | B10: work | C10: work | D10: work | E10: work | F10: work | G10: work | H10: work | I10: work | J10: work | K10: work | L10: work | M10: work | N10: work | O10: work | P10: work | Q10: work | R10: work | S10: work | T10: work | U10: Catch | V10: free | W10: free | X10: free | Y10: Spanish | Z10: Data Annotation | AA10: Economics | AB10: Economics | AC10: Dishes | AD10: free | AE10: Data Annotation | AF10: Dishes | AG10: SQL | AH10: Data Annotation | AI10: Hebrew | AJ10: Python | AK10: free | AL10: free
A11: 45511 | B11: work | C11: work | D11: work | E11: work | F11: work | G11: work | H11: work | I11: work | J11: work | K11: work | L11: work | M11: work | N11: work | O11: work | P11: work | Q11: work | R11: work | S11: work | T11: work | U11: Spanish | V11: free | W11: Data Annotation | X11: Music Theory | Y11: Hebrew | Z11: free | AA11: Catch | AB11: Catch | AC11: Trash | AD11: Laundry | AE11: free | AF11: Laundry | AG11: Math | AH11: Economics | AI11: free | AJ11: Trash | AK11: Music Theory | AL11: free
A12: 45512 | B12: work | C12: work | D12: work | E12: work | F12: work | G12: work | H12: work | I12: work | J12: work | K12: work | L12: work | M12: work | N12: work | O12: work | P12: work | Q12: work | R12: work | S12: work | T12: work | U12: free | V12: free | W12: free | X12: Economics | Y12: Economics | Z12: Economics | AA12: SQL | AB12: Python | AC12: Hebrew | AD12: Spanish | AE12: Music Theory | AF12: free | AG12: Catch | AH12: Economics | AI12: Economics | AJ12: free | AK12: Trash | AL12: Dishes
A13: 45513 | B13: work | C13: work | D13: work | E13: work | F13: work | G13: work | H13: work | I13: work | J13: work | K13: work | L13: work | M13: work | N13: work | O13: work | P13: work | Q13: work | R13: work | S13: work | T13: work | U13: Spanish | V13: Trash | W13: Dishes | X13: Laundry | Y13: Catch | Z13: Trash | AA13: free | AB13: Dishes | AC13: Trash | AD13: SQL | AE13: Python | AF13: Catch | AG13: Music Theory | AH13: Dishes | AI13: Catch | AJ13: Dishes | AK13: free | AL13: Trash
A14: 45514 | B14: Catch | C14: Data Annotation | D14: SQL | E14: Review Finanaces | F14: Tableau | G14: Break | H14: free | I14: Lift | J14: Catch | K14: Catch | L14: Push ups | M14: free | N14: Meet up | O14: SQL | P14: Hebrew | Q14: Sailing | R14: Ira time | S14: Break | T14: Lift | U14: SQL | V14: Laundry | W14: free | X14: free | Y14: free | Z14: free | AA14: Dishes | AB14: Spanish | AC14: Data Annotation | AD14: Music Theory | AE14: Catch | AF14: Catch | AG14: Laundry | AH14: Catch | AI14: Hebrew | AJ14: Spanish | AK14: free | AL14: Trash
A15: 45515 | B15: work | C15: work | D15: work | E15: work | F15: work | G15: work | H15: work | I15: work | J15: work | K15: work | L15: work | M15: work | N15: work | O15: work | P15: work | Q15: work | R15: work | S15: work | T15: work | U15: Math | V15: SQL | W15: free | X15: Python | Y15: Laundry | Z15: Catch | AA15: Laundry | AB15: Hebrew | AC15: free | AD15: Hebrew | AE15: Catch | AF15: Dishes | AG15: Dishes | AH15: SQL | AI15: Hebrew | AJ15: Dishes | AK15: Data Annotation | AL15: free
A16: 45516 | B16: work | C16: work | D16: work | E16: work | F16: work | G16: work | H16: work | I16: work | J16: work | K16: work | L16: work | M16: work | N16: work | O16: work | P16: work | Q16: work | R16: work | S16: work | T16: work | U16: Music Theory | V16: free | W16: Trash | X16: Math | Y16: free | Z16: Laundry | AA16: free | AB16: free | AC16: Spanish | AD16: Hebrew | AE16: Economics | AF16: free | AG16: Economics | AH16: free | AI16: Catch | AJ16: Spanish | AK16: Hebrew | AL16: Catch
A17: 45517 | B17: work | C17: work | D17: work | E17: work | F17: work | G17: work | H17: work | I17: work | J17: work | K17: work | L17: work | M17: work | N17: work | O17: work | P17: work | Q17: work | R17: work | S17: work | T17: work | U17: Economics | V17: Trash | W17: free | X17: free | Y17: free | Z17: Python | AA17: Economics | AB17: free | AC17: Economics | AD17: Math | AE17: Spanish | AF17: Laundry | AG17: Hebrew | AH17: Catch | AI17: Economics | AJ17: free | AK17: Hebrew | AL17: Dishes
A18: 45518 | B18: work | C18: work | D18: work | E18: work | F18: work | G18: work | H18: work | I18: work | J18: work | K18: work | L18: work | M18: work | N18: work | O18: work | P18: work | Q18: work | R18: work | S18: work | T18: work | U18: free | V18: Math | W18: Dishes | X18: free | Y18: free | Z18: free | AA18: Trash | AB18: Catch | AC18: Dishes | AD18: Laundry | AE18: Hebrew | AF18: Trash | AG18: Economics | AH18: free | AI18: free | AJ18: Data Annotation | AK18: free | AL18: Spanish
A19: 45519 | B19: work | C19: work | D19: work | E19: work | F19: work | G19: work | H19: work | I19: work | J19: work | K19: work | L19: work | M19: work | N19: work | O19: work | P19: work | Q19: work | R19: work | S19: work | T19: work | U19: SQL | V19: Laundry | W19: Catch | X19: free | Y19: Dishes | Z19: Trash | AA19: free | AB19: SQL | AC19: Hebrew | AD19: Dishes | AE19: Python | AF19: Economics | AG19: Music Theory | AH19: Trash | AI19: Hebrew | AJ19: Catch | AK19: free | AL19: Catch
... A630: 46130 | B630: Break | C630: Tableau | D630: Push ups | E630: Pull ups | F630: Sailing | G630: free | H630: Future Planning | I630: Economics | J630: Break | K630: Math | L630: Lift | M630: Hebrew | N630: Push ups | O630: Laundry | P630: Tableau | Q630: Break | R630: Python | S630: Break | T630: Catch | U630: SQL | V630: Dishes | W630: Math | X630: Music Theory | Y630: Dishes | Z630: free | AA630: Music Theory | AB630: free | AC630: Laundry | AD630: Python | AE630: free | AF630: Hebrew | AG630: Catch | AH630: Laundry | AI630: Catch | AJ630: free | AK630: Economics | AL630: Spanish
U631: free | V631: Spanish | W631: free | X631: free | Y631: Laundry | Z631: Hebrew | AA631: Math | AB631: Trash | AC631: Hebrew | AD631: Music Theory | AE631: SQL | AF631: free | AG631: free | AH631: free | AI631: Catch | AJ631: SQL | AK631: free | AL631: SQL
